Alpha,Beta,Sun Detection,Error Code
33.7533073425293,-0.22239802777767181,28.105627059936523,11
33.78202819824219,-0.23021529614925385,28.136882781982422,11
33.80961608886719,-0.33664634823799133,28.08668327331543,11
33.777610778808594,-0.29945164918899536,28.06329345703125,11
33.845252990722656,-0.2726311683654785,28.076208114624023,11
33.898406982421875,-0.2523931562900543,28.084110260009766,11
33.86329650878906,-0.25891047716140747,28.02619171142578,11
33.89802551269531,-0.30576932430267334,28.050628662109375,11
33.879207611083984,-0.2797265350818634,28.12439727783203,11
33.761070251464844,-0.256542444229126,28.152353286743164,11
33.7335090637207,-0.29902637004852295,28.09786033630371,11
33.71268081665039,-0.22441017627716064,28.05961036682129,11
33.69501876831055,-0.21252895891666412,28.109098434448242,11
33.77013397216797,-0.2891865074634552,28.126426696777344,11
33.804176330566406,-0.27929621934890747,28.125566482543945,11
33.78013610839844,-0.21192516386508942,28.1246337890625,11
33.7662467956543,-0.2413616180419922,28.094131469726562,11
33.78313446044922,-0.2526378035545349,28.098604202270508,11
33.820404052734375,-0.238383948802948,28.118465423583984,11
33.83869934082031,-0.2981339395046234,28.053382873535156,11
33.7576789855957,-0.3402768671512604,28.04330062866211,11
33.68024444580078,-0.22772862017154694,28.132448196411133,11
33.77412033081055,-0.213643878698349,28.145843505859375,11
33.82843780517578,-0.23116835951805115,28.120378494262695,11
33.73345947265625,-0.24544689059257507,28.101299285888672,11
33.720787048339844,-0.2590932548046112,28.135379791259766,11
33.693687438964844,-0.2039305865764618,28.154478073120117,11
33.77694320678711,-0.2281772643327713,28.094804763793945,11
33.86062240600586,-0.29538261890411377,28.0357608795166,11
33.777706146240234,-0.33370885252952576,28.048349380493164,11
33.696773529052734,-0.27909234166145325,28.114978790283203,11
33.72907638549805,-0.24050357937812805,28.10651969909668,11
33.72175216674805,-0.19755852222442627,28.093538284301758,11
33.69745635986328,-0.1730082631111145,28.123489379882812,11
33.733009338378906,-0.17778626084327698,28.140892028808594,11
33.81856918334961,-0.22149662673473358,28.117572784423828,11
33.801021575927734,-0.2534728944301605,28.114852905273438,11
33.78772735595703,-0.24188046157360077,28.139198303222656,11
33.80614471435547,-0.24272167682647705,28.124818801879883,11
33.802120208740234,-0.2520739436149597,28.122066497802734,11
33.83383560180664,-0.2728442847728729,28.067968368530273,11
33.795284271240234,-0.2612914443016052,28.082521438598633,11
33.794700622558594,-0.2875708043575287,28.103229522705078,11
33.82170486450195,-0.31498783826828003,28.068294525146484,11
33.79826736450195,-0.23267845809459686,28.092708587646484,11
33.73649978637695,-0.22936996817588806,28.171119689941406,11
33.74851989746094,-0.25580012798309326,28.173629760742188,11
33.80085754394531,-0.27157366275787354,28.130054473876953,11
33.81364822387695,-0.23023803532123566,28.082910537719727,11
33.756221771240234,-0.14180248975753784,28.082250595092773,11
33.76087951660156,-0.21545791625976562,28.081932067871094,11
33.806129455566406,-0.2766941785812378,28.10208511352539,11
33.78569412231445,-0.21664386987686157,28.130525588989258,11
33.809085845947266,-0.2267373651266098,28.136856079101562,11
33.77263259887695,-0.22520935535430908,28.139453887939453,11
33.77425003051758,-0.18808917701244354,28.124433517456055,11
33.728050231933594,-0.21596713364124298,28.15291404724121,11
33.81282043457031,-0.2664365768432617,28.084651947021484,11
33.846378326416016,-0.2565174400806427,28.131044387817383,11
33.73323440551758,-0.28528061509132385,28.138795852661133,11
33.733436584472656,-0.3266009986400604,28.073734283447266,11
33.69118881225586,-0.2089024782180786,28.12111473083496,11
33.757781982421875,-0.2110813856124878,28.130023956298828,11
33.86704635620117,-0.2600345015525818,28.071163177490234,11
33.78642654418945,-0.22946064174175262,28.094919204711914,11
33.78936767578125,-0.3084808588027954,28.084497451782227,11
33.75861740112305,-0.2899116277694702,28.087682723999023,11
33.84945297241211,-0.23183220624923706,28.057302474975586,11
33.83536148071289,-0.19779212772846222,28.069334030151367,11
33.799251556396484,-0.23423317074775696,28.074193954467773,11
33.777278900146484,-0.2622734308242798,28.072107315063477,11
33.68940734863281,-0.2326136827468872,28.15241050720215,11
33.657283782958984,-0.2273971140384674,28.17510414123535,11
33.655399322509766,-0.23269706964492798,28.1539306640625,11
33.809776306152344,-0.2542317807674408,28.096731185913086,11
33.87382125854492,-0.23073634505271912,28.08824348449707,11
33.837745666503906,-0.21974854171276093,28.152416229248047,11
33.78327178955078,-0.2534673511981964,28.140727996826172,11
33.747989654541016,-0.2624933123588562,28.08519744873047,11
33.760047912597656,-0.2557884454727173,28.07884407043457,11
33.796424865722656,-0.270210862159729,28.077299118041992,11
33.7985725402832,-0.2438187450170517,28.111454010009766,11
33.720703125,-0.2088300734758377,28.12156867980957,11
33.77743148803711,-0.21119892597198486,28.108129501342773,11
33.793617248535156,-0.23773276805877686,28.116384506225586,11
33.7867317199707,-0.21931149065494537,28.071500778198242,11
33.795196533203125,-0.24096298217773438,28.084299087524414,11
33.71495056152344,-0.23716728389263153,28.16164207458496,11
33.68779373168945,-0.24053683876991272,28.128835678100586,11
33.707035064697266,-0.2813645601272583,28.1285457611084,11
33.71144104003906,-0.27289074659347534,28.12701416015625,11
33.72267532348633,-0.2520536184310913,28.14247703552246,11
33.71681213378906,-0.2866399884223938,28.135326385498047,11
33.759796142578125,-0.27217593789100647,28.095884323120117,11
33.761966705322266,-0.23039928078651428,28.102113723754883,11
33.730709075927734,-0.20001834630966187,28.118938446044922,11
33.82498550415039,-0.1881379634141922,28.118614196777344,11
33.89338684082031,-0.22283600270748138,28.110193252563477,11
33.861759185791016,-0.26281699538230896,28.08159828186035,11
33.83155059814453,-0.23948276042938232,28.096893310546875,11
33.82524108886719,-0.24585910141468048,28.080656051635742,11
33.786216735839844,-0.1991226226091385,28.11680793762207,11
33.8574333190918,-0.2542766332626343,28.101354598999023,11
33.84925842285156,-0.2781067192554474,28.102705001831055,11
33.76030349731445,-0.2248457670211792,28.11602020263672,11
33.75354766845703,-0.1786782145500183,28.10680389404297,11
33.791378021240234,-0.2240668535232544,28.063907623291016,11
33.67253494262695,-0.16226474940776825,28.127368927001953,11
33.70915222167969,-0.16348709166049957,28.170446395874023,11
33.76717758178711,-0.2399812638759613,28.126914978027344,11
33.83110809326172,-0.24110610783100128,28.06019401550293,11
33.82975769042969,-0.24822162091732025,28.063148498535156,11
33.771148681640625,-0.24088642001152039,28.11866569519043,11
33.74247360229492,-0.22406795620918274,28.121519088745117,11
33.82835006713867,-0.20547989010810852,28.073698043823242,11
33.81779098510742,-0.1727149933576584,28.06525230407715,11
33.74331283569336,-0.19269195199012756,28.116382598876953,11
33.71158981323242,-0.19847804307937622,28.146142959594727,11
33.669281005859375,-0.15850937366485596,28.1191349029541,11
33.752838134765625,-0.21262814104557037,28.117990493774414,11
33.7501335144043,-0.28040844202041626,28.140140533447266,11
33.73942565917969,-0.27409160137176514,28.146591186523438,11
33.72008514404297,-0.23653629422187805,28.14069938659668,11
33.70825958251953,-0.2038569301366806,28.135679244995117,11
33.690574645996094,-0.20472724735736847,28.15363311767578,11
33.6950798034668,-0.18121330440044403,28.139301300048828,11
33.72135925292969,-0.16911228001117706,28.134742736816406,11
33.777469635009766,-0.3029409646987915,28.076894760131836,11
33.7885856628418,-0.3606922924518585,28.089139938354492,11
33.81443405151367,-0.27350157499313354,28.119470596313477,11
33.798728942871094,-0.16768348217010498,28.128938674926758,11
33.83910369873047,-0.18686991930007935,28.075830459594727,11
33.835601806640625,-0.2003858983516693,28.06500244140625,11
33.720062255859375,-0.1782318502664566,28.101011276245117,11
33.710758209228516,-0.2373056858778,28.123764038085938,11
33.64323425292969,-0.24223098158836365,28.159019470214844,11
33.6973762512207,-0.22626522183418274,28.148855209350586,11
33.7638053894043,-0.2349919080734253,28.099668502807617,11
33.777183532714844,-0.24644561111927032,28.066274642944336,11
33.841957092285156,-0.2444499135017395,28.08312225341797,11
33.87900924682617,-0.24699059128761292,28.062591552734375,11
33.875762939453125,-0.29036927223205566,28.052236557006836,11
33.80421447753906,-0.26370424032211304,28.131977081298828,11
33.7924919128418,-0.24263477325439453,28.116962432861328,11
33.7646369934082,-0.23497574031352997,28.092350006103516,11
33.74810028076172,-0.17540660500526428,28.111587524414062,11
33.713077545166016,-0.18119987845420837,28.11126708984375,11
33.747047424316406,-0.25735026597976685,28.131690979003906,11
33.817047119140625,-0.31270137429237366,28.1048526763916,11
33.844905853271484,-0.3111328184604645,28.093801498413086,11
33.86854553222656,-0.2963355481624603,28.076196670532227,11
33.72688293457031,-0.2391657680273056,28.11110496520996,11
33.64978790283203,-0.21364779770374298,28.140260696411133,11
33.65038299560547,-0.17750424146652222,28.178207397460938,11
33.7656364440918,-0.18674308061599731,28.13056755065918,11
33.77568435668945,-0.2668389081954956,28.106664657592773,11
33.78663635253906,-0.29017865657806396,28.105573654174805,11
33.801151275634766,-0.20244239270687103,28.14305305480957,11
33.74799728393555,-0.13846644759178162,28.1611270904541,11
33.765907287597656,-0.21675235033035278,28.11442756652832,11
33.755550384521484,-0.2911376655101776,28.115697860717773,11
33.75996398925781,-0.31087809801101685,28.08514404296875,11
33.707069396972656,-0.2507435977458954,28.110090255737305,11
33.69738006591797,-0.24694256484508514,28.136930465698242,11
33.79068374633789,-0.25277891755104065,28.10382080078125,11
33.846012115478516,-0.2101457267999649,28.099292755126953,11
33.803157806396484,-0.21034859120845795,28.09170150756836,11
33.69278335571289,-0.22037750482559204,28.141048431396484,11
33.742069244384766,-0.23642532527446747,28.13591957092285,11
33.78128433227539,-0.21744178235530853,28.142824172973633,11
33.83799743652344,-0.277163028717041,28.091516494750977,11
33.78749084472656,-0.245539128780365,28.092283248901367,11
33.76377868652344,-0.2645229995250702,28.13009262084961,11
33.781349182128906,-0.27803200483322144,28.149219512939453,11
33.82048034667969,-0.23249129951000214,28.11224365234375,11
33.93344497680664,-0.28499045968055725,28.0460205078125,11
33.90166091918945,-0.3319958448410034,28.051528930664062,11
33.76506805419922,-0.24796177446842194,28.1248836517334,11
33.7064094543457,-0.204538494348526,28.13323402404785,11
33.699153900146484,-0.21053077280521393,28.11203956604004,11
33.777984619140625,-0.24716068804264069,28.11556625366211,11
33.81706619262695,-0.27504003047943115,28.120298385620117,11
33.86100769042969,-0.27019158005714417,28.11337661743164,11
33.80354309082031,-0.293102890253067,28.108959197998047,11
33.74225997924805,-0.2772201895713806,28.13858985900879,11
33.72965621948242,-0.2555990517139435,28.147565841674805,11
33.772926330566406,-0.2816044092178345,28.1113224029541,11
33.81550979614258,-0.2802516222000122,28.099863052368164,11
33.83716583251953,-0.24100005626678467,28.110441207885742,11
33.798160552978516,-0.24643142521381378,28.10975456237793,11
33.80537414550781,-0.3111095130443573,28.06435203552246,11
33.738033294677734,-0.23216110467910767,28.08626937866211,11
33.76373291015625,-0.29678797721862793,28.059206008911133,11
33.7984733581543,-0.2851216197013855,28.0714054107666,11
33.782894134521484,-0.2458234429359436,28.093793869018555,11
33.8104248046875,-0.2583039104938507,28.066984176635742,11
33.78438186645508,-0.26085272431373596,28.09006118774414,11
33.80581283569336,-0.3501795530319214,28.059133529663086,11
33.8129997253418,-0.32817813754081726,28.060165405273438,11
33.7659797668457,-0.24924728274345398,28.120380401611328,11
33.75092315673828,-0.2385248988866806,28.136280059814453,11
33.781333923339844,-0.24507495760917664,28.161544799804688,11
33.81523513793945,-0.22117367386817932,28.152414321899414,11
33.782806396484375,-0.2263946533203125,28.130435943603516,11
33.79716110229492,-0.2633175551891327,28.089309692382812,11
33.73957443237305,-0.24318267405033112,28.06451416015625,11
33.72117233276367,-0.17890822887420654,28.148006439208984,11
33.73566818237305,-0.22738288342952728,28.1381778717041,11
33.73908233642578,-0.27254918217658997,28.103744506835938,11
33.70467758178711,-0.2650046646595001,28.093679428100586,11
33.75044250488281,-0.2995365262031555,28.0672550201416,11
33.81047439575195,-0.2647670805454254,28.06930923461914,11
33.80628204345703,-0.2391628623008728,28.095443725585938,11
33.78047561645508,-0.22429759800434113,28.119966506958008,11
33.81534194946289,-0.21470913290977478,28.124691009521484,11
33.77253723144531,-0.22801166772842407,28.15265464782715,11
33.7819938659668,-0.2966338098049164,28.112876892089844,11
33.78449630737305,-0.3318338692188263,28.116846084594727,11
33.80868911743164,-0.2784418761730194,28.117229461669922,11
33.80470657348633,-0.3031460642814636,28.072877883911133,11
33.78572463989258,-0.28655537962913513,28.03833770751953,11
33.794837951660156,-0.24732215702533722,28.071096420288086,11
33.772666931152344,-0.19791072607040405,28.09499740600586,11
33.722042083740234,-0.2441011369228363,28.119291305541992,11
33.771080017089844,-0.3599022626876831,28.09652328491211,11
33.78403091430664,-0.3549623191356659,28.106897354125977,11
33.80813217163086,-0.270530104637146,28.09220314025879,11
33.854976654052734,-0.25496992468833923,28.090068817138672,11
33.7481575012207,-0.2534870505332947,28.14091682434082,11
33.66484451293945,-0.24320495128631592,28.142770767211914,11
33.703060150146484,-0.2627721428871155,28.10889434814453,11
33.71651077270508,-0.2969459593296051,28.118486404418945,11
33.747501373291016,-0.3171451985836029,28.125015258789062,11
33.85023880004883,-0.3124203085899353,28.117015838623047,11
33.7923698425293,-0.27891483902931213,28.136558532714844,11
33.77220153808594,-0.27196022868156433,28.126026153564453,11
33.767696380615234,-0.26736870408058167,28.121047973632812,11
33.78108596801758,-0.2550421953201294,28.086034774780273,11
33.798789978027344,-0.28053292632102966,28.0601806640625,11
33.84202575683594,-0.265616238117218,28.058820724487305,11
33.830284118652344,-0.3251522481441498,28.068355560302734,11
33.77213668823242,-0.31167879700660706,28.099788665771484,11
33.7523193359375,-0.23085945844650269,28.131132125854492,11
33.773921966552734,-0.19979923963546753,28.116445541381836,11
33.760841369628906,-0.12671345472335815,28.109912872314453,11
33.7684326171875,-0.23937389254570007,28.151430130004883,11
33.77190399169922,-0.25841742753982544,28.167301177978516,11
33.77909469604492,-0.2942674458026886,28.105859756469727,11
33.81315612792969,-0.27057167887687683,28.053842544555664,11
33.85502624511719,-0.25691792368888855,28.032424926757812,11
33.7994499206543,-0.24276714026927948,28.064069747924805,11
33.763336181640625,-0.21778874099254608,28.086442947387695,11
33.7573127746582,-0.2618093490600586,28.092498779296875,11
33.789798736572266,-0.3181026577949524,28.071611404418945,11
33.79701614379883,-0.3018936216831207,28.060760498046875,11
33.822750091552734,-0.31436195969581604,28.051740646362305,11
33.826412200927734,-0.2973634898662567,28.04792594909668,11
33.83249282836914,-0.23716437816619873,28.06911849975586,11
33.7214241027832,-0.23449203372001648,28.135150909423828,11
33.68549728393555,-0.23415526747703552,28.174776077270508,11
33.696075439453125,-0.213791161775589,28.14507293701172,11
33.753883361816406,-0.2399795949459076,28.0926456451416,11
33.77619552612305,-0.2234746217727661,28.090713500976562,11
33.709739685058594,-0.19711288809776306,28.147815704345703,11
33.767723083496094,-0.2704005539417267,28.10942268371582,11
33.832176208496094,-0.2516675889492035,28.104021072387695,11
33.799991607666016,-0.23341858386993408,28.120819091796875,11
33.749935150146484,-0.29198208451271057,28.10284423828125,11
33.780128479003906,-0.2969011068344116,28.106412887573242,11
33.83710861206055,-0.28001683950424194,28.10791015625,11
33.739837646484375,-0.27048155665397644,28.124937057495117,11
33.70909881591797,-0.25866734981536865,28.132478713989258,11
33.752647399902344,-0.25034627318382263,28.12112045288086,11
33.74462890625,-0.20171409845352173,28.09880828857422,11
33.764801025390625,-0.22084690630435944,28.116313934326172,11
33.788814544677734,-0.2539806067943573,28.107152938842773,11
33.74072265625,-0.2610655128955841,28.098573684692383,11
33.71917724609375,-0.26435041427612305,28.097314834594727,11
33.718204498291016,-0.20494820177555084,28.1397647857666,11
33.69786071777344,-0.17126113176345825,28.168615341186523,11
33.74846649169922,-0.19720879197120667,28.11922264099121,11
33.80439758300781,-0.25353556871414185,28.05710792541504,11
33.780086517333984,-0.2380933314561844,28.079946517944336,11
33.7548942565918,-0.18538600206375122,28.126108169555664,11
33.74319839477539,-0.21709491312503815,28.13191795349121,11
33.84251403808594,-0.2289361208677292,28.091609954833984,11
33.91436767578125,-0.2072777897119522,28.082611083984375,11
33.805545806884766,-0.19023697078227997,28.115324020385742,11
33.70298767089844,-0.19082900881767273,28.122547149658203,11
33.733524322509766,-0.21709099411964417,28.11867332458496,11
33.73113250732422,-0.19203361868858337,28.14866828918457,11
33.781280517578125,-0.19532279670238495,28.16935157775879,11
33.780155181884766,-0.22620895504951477,28.131149291992188,11
33.66740417480469,-0.19421684741973877,28.18610954284668,11
33.679710388183594,-0.20094653964042664,28.162090301513672,11
33.7803840637207,-0.23980773985385895,28.11092758178711,11
33.80607986450195,-0.2863335907459259,28.123611450195312,11
33.83134841918945,-0.3126896023750305,28.074993133544922,11
33.80076599121094,-0.27164363861083984,28.112503051757812,11
33.76712417602539,-0.2632085382938385,28.12015151977539,11
33.73798370361328,-0.30918824672698975,28.080522537231445,11
33.772926330566406,-0.313385009765625,28.089908599853516,11
33.751380920410156,-0.303877055644989,28.06599998474121,11
33.778926849365234,-0.23911510407924652,28.044984817504883,11
33.74787139892578,-0.20534659922122955,28.114395141601562,11
33.681148529052734,-0.22949928045272827,28.16826820373535,11
33.74174499511719,-0.2641626298427582,28.118146896362305,11
33.78700256347656,-0.2353379875421524,28.148365020751953,11
33.725196838378906,-0.23318439722061157,28.211910247802734,11
33.740360260009766,-0.27101385593414307,28.157508850097656,11
33.76654815673828,-0.2610276937484741,28.077857971191406,11
33.7014045715332,-0.22536326944828033,28.093311309814453,11
33.754066467285156,-0.22862952947616577,28.12470817565918,11
33.77049255371094,-0.27700546383857727,28.104236602783203,11
33.762718200683594,-0.26103296875953674,28.110836029052734,11
33.750221252441406,-0.22654174268245697,28.131349563598633,11
33.78750991821289,-0.1821928769350052,28.10817527770996,11
33.785400390625,-0.20910091698169708,28.10268211364746,11
33.79360580444336,-0.27041715383529663,28.12213897705078,11
33.835609436035156,-0.3276236653327942,28.079988479614258,11
33.8245735168457,-0.2790607213973999,28.105390548706055,11
33.780738830566406,-0.23629936575889587,28.13459587097168,11
33.75175857543945,-0.24689850211143494,28.159534454345703,11
33.8235969543457,-0.24211350083351135,28.12550163269043,11
33.828975677490234,-0.22076919674873352,28.084360122680664,11
33.73661422729492,-0.302077054977417,28.10759162902832,11
33.68333053588867,-0.26757481694221497,28.15114402770996,11
33.74891662597656,-0.2423810213804245,28.11035919189453,11
33.803802490234375,-0.2434753030538559,28.090177536010742,11
33.82171630859375,-0.23424911499023438,28.075475692749023,11
33.823089599609375,-0.2717480957508087,28.0709285736084,11
33.732421875,-0.25675076246261597,28.13156509399414,11
33.74137878417969,-0.20113159716129303,28.150894165039062,11
33.78006362915039,-0.14838546514511108,28.150362014770508,11
33.75331115722656,-0.17115066945552826,28.161619186401367,11
33.6970329284668,-0.21398688852787018,28.166152954101562,11
33.68461990356445,-0.19364222884178162,28.139965057373047,11
33.80502700805664,-0.24177712202072144,28.072673797607422,11
33.81990051269531,-0.2768133878707886,28.053497314453125,11
33.757537841796875,-0.2771841883659363,28.067750930786133,11
33.708709716796875,-0.2530727684497833,28.131303787231445,11
33.77610778808594,-0.24876919388771057,28.12234115600586,11
33.84050750732422,-0.23771877586841583,28.0767765045166,11
33.74806213378906,-0.2225382924079895,28.07930564880371,11
33.69320297241211,-0.23291416466236115,28.077226638793945,11
33.81643295288086,-0.3095998466014862,28.073270797729492,11
33.85511779785156,-0.27730876207351685,28.091106414794922,11
33.87139129638672,-0.2434646189212799,28.10334587097168,11
33.82380294799805,-0.22148296236991882,28.139436721801758,11
33.773826599121094,-0.15639305114746094,28.139989852905273,11
33.760807037353516,-0.15530163049697876,28.0788516998291,11
33.84260559082031,-0.21772228181362152,28.051483154296875,11
33.823402404785156,-0.2832333445549011,28.101070404052734,11
33.78517150878906,-0.25694891810417175,28.125043869018555,11
33.67552185058594,-0.1714860200881958,28.139402389526367,11
33.75175476074219,-0.20654018223285675,28.11376953125,11
33.81804275512695,-0.2393437922000885,28.10382652282715,11
33.7433967590332,-0.27867141366004944,28.069494247436523,11
33.706443786621094,-0.26825234293937683,28.07233428955078,11
33.79059600830078,-0.20784412324428558,28.057907104492188,11
33.839744567871094,-0.20156899094581604,28.087120056152344,11
33.78672790527344,-0.21486297249794006,28.129974365234375,11
33.69981384277344,-0.17246483266353607,28.134599685668945,11
33.787330627441406,-0.18385647237300873,28.089523315429688,11
33.8380012512207,-0.18148444592952728,28.07876205444336,11
33.8017463684082,-0.23919814825057983,28.09039878845215,11
33.769046783447266,-0.27048155665397644,28.105886459350586,11
33.783897399902344,-0.2816305458545685,28.098644256591797,11
33.770469665527344,-0.29891377687454224,28.109121322631836,11
33.6970329284668,-0.1623661369085312,28.185426712036133,11
33.724578857421875,-0.12268879264593124,28.155269622802734,11
33.681461334228516,-0.22568954527378082,28.14273452758789,11
33.682037353515625,-0.2150300145149231,28.139205932617188,11
33.753334045410156,-0.19710254669189453,28.131210327148438,11
33.834144592285156,-0.2504626214504242,28.10191535949707,11
33.876617431640625,-0.3084964454174042,28.11733055114746,11
33.822959899902344,-0.23289893567562103,28.13752555847168,11
33.734840393066406,-0.17726017534732819,28.14680290222168,11
33.66208267211914,-0.12362728267908096,28.188823699951172,11
33.68113708496094,-0.15640053153038025,28.20616340637207,11
33.7988166809082,-0.26127445697784424,28.127521514892578,11
33.75251770019531,-0.26504167914390564,28.140331268310547,11
33.67526626586914,-0.1613427698612213,28.16451072692871,11
33.731407165527344,-0.16342735290527344,28.1252384185791,11
33.786136627197266,-0.2830345034599304,28.0653076171875,11
33.82704162597656,-0.3311082720756531,28.076763153076172,11
33.75829315185547,-0.2597915232181549,28.161556243896484,11
33.71150207519531,-0.19515125453472137,28.163299560546875,11
33.766605377197266,-0.2309633195400238,28.08461570739746,11
33.80844497680664,-0.29417333006858826,28.06964874267578,11
33.805641174316406,-0.29044607281684875,28.097766876220703,11
33.79899978637695,-0.257068932056427,28.12696647644043,11
33.74949645996094,-0.24854816496372223,28.1584529876709,11
33.735347747802734,-0.22175224125385284,28.154396057128906,11
33.761417388916016,-0.2151872217655182,28.15420913696289,11
33.7768440246582,-0.22195595502853394,28.138853073120117,11
33.72953796386719,-0.30423644185066223,28.16244125366211,11
33.7807731628418,-0.40457138419151306,28.146150588989258,11
33.751712799072266,-0.29498744010925293,28.162776947021484,11
33.75233459472656,-0.14775237441062927,28.168127059936523,11
33.85832214355469,-0.17150554060935974,28.135473251342773,11
33.943214416503906,-0.22149792313575745,28.08855628967285,11
33.84490203857422,-0.23068630695343018,28.07843017578125,11
33.756385803222656,-0.197540745139122,28.093408584594727,11
33.7727165222168,-0.1466350555419922,28.122379302978516,11
33.75185775756836,-0.19160263240337372,28.13288688659668,11
33.691078186035156,-0.24610759317874908,28.138141632080078,11
33.690486907958984,-0.21050018072128296,28.163806915283203,11
33.78977966308594,-0.23570308089256287,28.146923065185547,11
33.75336837768555,-0.18679344654083252,28.147876739501953,11
33.783870697021484,-0.22312545776367188,28.150724411010742,11
33.745025634765625,-0.2155870795249939,28.14288902282715,11
33.792884826660156,-0.20890086889266968,28.122634887695312,11
33.851627349853516,-0.2673581838607788,28.07697868347168,11
33.78669357299805,-0.2780464291572571,28.082765579223633,11
33.752281188964844,-0.2681051790714264,28.093759536743164,11
33.67418670654297,-0.25542378425598145,28.13661766052246,11
33.66639709472656,-0.20368164777755737,28.140962600708008,11
33.73823165893555,-0.20390872657299042,28.102977752685547,11
33.73716735839844,-0.21109020709991455,28.115234375,11
33.79573440551758,-0.22879600524902344,28.123991012573242,11
33.710105895996094,-0.2706518769264221,28.164142608642578,11
33.771907806396484,-0.3469831049442291,28.123807907104492,11
33.8378791809082,-0.3428480625152588,28.103355407714844,11
33.799434661865234,-0.22308231890201569,28.136760711669922,11
33.77779769897461,-0.22137649357318878,28.143905639648438,11
33.79084396362305,-0.26025664806365967,28.1164493560791,11
33.79194641113281,-0.24686835706233978,28.128700256347656,11
33.795475006103516,-0.25289544463157654,28.113115310668945,11
33.7985954284668,-0.25178074836730957,28.10524559020996,11
33.7603759765625,-0.23466747999191284,28.11656379699707,11
33.7782096862793,-0.26066499948501587,28.101152420043945,11
33.75019454956055,-0.23254017531871796,28.120155334472656,11
33.636600494384766,-0.1674555540084839,28.161609649658203,11
33.618106842041016,-0.20980727672576904,28.17491340637207,11
33.72931671142578,-0.2936977744102478,28.12305450439453,11
33.817134857177734,-0.25600695610046387,28.137964248657227,11
33.845394134521484,-0.272940069437027,28.110755920410156,11
33.79585266113281,-0.22826172411441803,28.114513397216797,11
33.706233978271484,-0.2305271476507187,28.14546775817871,11
33.74650573730469,-0.24441955983638763,28.13075065612793,11
33.72380828857422,-0.2721323072910309,28.12755584716797,11
33.742034912109375,-0.24588675796985626,28.141706466674805,11
33.86247253417969,-0.2905820906162262,28.098175048828125,11
33.88813400268555,-0.29666540026664734,28.09182357788086,11
33.77610778808594,-0.2574300169944763,28.107379913330078,11
33.75316619873047,-0.2917393743991852,28.111997604370117,11
33.77171325683594,-0.2559714615345001,28.176334381103516,11
33.777645111083984,-0.2415260672569275,28.167695999145508,11
33.77739715576172,-0.28710129857063293,28.103893280029297,11
33.748870849609375,-0.2380659133195877,28.082481384277344,11
33.76071548461914,-0.16617129743099213,28.117862701416016,11
33.713470458984375,-0.18549862504005432,28.138097763061523,11
33.76276779174805,-0.24098926782608032,28.09935760498047,11
33.834144592285156,-0.2689722776412964,28.106077194213867,11
33.78102111816406,-0.25030097365379333,28.144147872924805,11
33.70663833618164,-0.22426289319992065,28.167686462402344,11
33.69524002075195,-0.2004367858171463,28.190061569213867,11
33.75825881958008,-0.24410049617290497,28.133432388305664,11
33.72627639770508,-0.21327370405197144,28.107677459716797,11
33.782955169677734,-0.17882628738880157,28.106706619262695,11
33.822269439697266,-0.20264045894145966,28.102392196655273,11
33.81901550292969,-0.2565779387950897,28.09445571899414,11
33.8504524230957,-0.28019005060195923,28.103294372558594,11
33.84490966796875,-0.32828032970428467,28.109542846679688,11
33.809326171875,-0.2891296446323395,28.135988235473633,11
33.86503601074219,-0.21192722022533417,28.130338668823242,11
33.81563186645508,-0.19293513894081116,28.13670539855957,11
33.72185134887695,-0.18358810245990753,28.131378173828125,11
33.81155776977539,-0.275483101606369,28.065704345703125,11
33.84565353393555,-0.2560034394264221,28.087339401245117,11
33.71607208251953,-0.18009041249752045,28.17267417907715,11
33.608524322509766,-0.18996940553188324,28.194833755493164,11
33.577735900878906,-0.22401218116283417,28.195024490356445,11
33.688758850097656,-0.20702522993087769,28.133142471313477,11
33.7849006652832,-0.22769837081432343,28.122407913208008,11
33.78102111816406,-0.28761714696884155,28.15034294128418,11
33.69435501098633,-0.2552708387374878,28.151708602905273,11
33.69564437866211,-0.2386314421892166,28.16082000732422,11
33.68466567993164,-0.22419880330562592,28.159011840820312,11
33.7735710144043,-0.2395869493484497,28.079565048217773,11
33.83793640136719,-0.2235514521598816,28.050222396850586,11
33.770328521728516,-0.268104612827301,28.095699310302734,11
33.67465591430664,-0.2936418652534485,28.119911193847656,11
33.745880126953125,-0.2863667607307434,28.054882049560547,11
33.85530090332031,-0.22854237258434296,28.090864181518555,11
33.82237243652344,-0.14282383024692535,28.140621185302734,11
33.737911224365234,-0.19059474766254425,28.168720245361328,11
33.79782485961914,-0.29865702986717224,28.169904708862305,11
33.84923553466797,-0.25796300172805786,28.1064453125,11
33.8068962097168,-0.18837402760982513,28.0911865234375,11
33.73502731323242,-0.2239026576280594,28.138277053833008,11
33.779563903808594,-0.29337239265441895,28.135984420776367,11
33.8064079284668,-0.27461206912994385,28.154224395751953,11
33.826202392578125,-0.24333812296390533,28.137630462646484,11
33.845970153808594,-0.24518905580043793,28.091129302978516,11
33.840789794921875,-0.26003357768058777,28.114303588867188,11
33.80926513671875,-0.25720545649528503,28.108572006225586,11
33.78639221191406,-0.17529292404651642,28.12187385559082,11
33.717979431152344,-0.19329479336738586,28.12808609008789,11
33.64970779418945,-0.23626552522182465,28.138940811157227,11
33.70683288574219,-0.2322281301021576,28.115903854370117,11
33.77238464355469,-0.19458095729351044,28.113683700561523,11
33.80900573730469,-0.23093093931674957,28.112985610961914,11
33.83085632324219,-0.30963271856307983,28.142475128173828,11
33.845741271972656,-0.31670573353767395,28.1196231842041,11
33.770957946777344,-0.24342644214630127,28.09271812438965,11
33.61573028564453,-0.18311302363872528,28.13071060180664,11
33.66973876953125,-0.1805231124162674,28.156362533569336,11
33.757476806640625,-0.2197851538658142,28.132936477661133,11
33.72140121459961,-0.282245397567749,28.117156982421875,11
33.71913146972656,-0.3096756637096405,28.103939056396484,11
33.68321990966797,-0.2406628429889679,28.12926483154297,11
33.658348083496094,-0.23802360892295837,28.16901969909668,11
33.68289566040039,-0.27638447284698486,28.137493133544922,11
33.682701110839844,-0.24027091264724731,28.158288955688477,11
33.685237884521484,-0.19315174221992493,28.183990478515625,11
33.584144592285156,-0.12663161754608154,28.16647720336914,11
33.653533935546875,-0.19747596979141235,28.141569137573242,11
33.76162338256836,-0.27204716205596924,28.156206130981445,11
33.87934112548828,-0.3238883316516876,28.140830993652344,11
33.85391616821289,-0.35298457741737366,28.10906219482422,11
33.77766418457031,-0.28834298253059387,28.06405258178711,11
33.78895568847656,-0.28386956453323364,28.05118751525879,11
33.82793045043945,-0.2676926553249359,28.05112075805664,11
33.89674758911133,-0.3091164231300354,28.038618087768555,11
33.84403991699219,-0.26865020394325256,28.088342666625977,11
33.743507385253906,-0.21757060289382935,28.12706756591797,11
33.6646728515625,-0.20782490074634552,28.146324157714844,11
33.740108489990234,-0.2559845447540283,28.138948440551758,11
33.74169921875,-0.25745347142219543,28.150470733642578,11
33.68684387207031,-0.18968772888183594,28.172739028930664,11
33.757850646972656,-0.23849384486675262,28.11101531982422,11
33.77110290527344,-0.24976439774036407,28.09855842590332,11
33.688819885253906,-0.20562061667442322,28.142271041870117,11
33.697818756103516,-0.2398853302001953,28.12305450439453,11
33.714691162109375,-0.22116638720035553,28.150747299194336,11
33.762672424316406,-0.2613425850868225,28.150623321533203,11
33.86830520629883,-0.2938317060470581,28.077499389648438,11
33.820682525634766,-0.2639433443546295,28.07354736328125,11
33.70271301269531,-0.22397789359092712,28.126190185546875,11
33.659996032714844,-0.1483481526374817,28.14591407775879,11
33.738059997558594,-0.18358027935028076,28.106266021728516,11
33.75827407836914,-0.22711844742298126,28.1347599029541,11
33.785377502441406,-0.23082466423511505,28.106082916259766,11
33.850318908691406,-0.22767600417137146,28.081953048706055,11
33.88873291015625,-0.2846592366695404,28.063993453979492,11
33.761817932128906,-0.2338963747024536,28.092180252075195,11
33.627811431884766,-0.13786350190639496,28.17348289489746,11
33.67045593261719,-0.12643185257911682,28.187238693237305,11
33.748863220214844,-0.1792110800743103,28.161115646362305,11
33.723140716552734,-0.22970779240131378,28.174236297607422,11
33.58900833129883,-0.15995311737060547,28.17998695373535,11
33.672786712646484,-0.14322501420974731,28.137447357177734,11
33.78147506713867,-0.16673702001571655,28.104352951049805,11
33.78367614746094,-0.19245438277721405,28.108230590820312,11
33.72875213623047,-0.21577145159244537,28.138324737548828,11
33.79841232299805,-0.3068332076072693,28.098066329956055,11
33.79774475097656,-0.317147821187973,28.11811637878418,11
33.810787200927734,-0.25759974122047424,28.095619201660156,11
33.79470443725586,-0.183730810880661,28.066171646118164,11
33.743595123291016,-0.17954657971858978,28.153152465820312,11
33.776336669921875,-0.25956982374191284,28.18837547302246,11
33.77849578857422,-0.2699742913246155,28.15708351135254,11
33.77605056762695,-0.22106342017650604,28.130950927734375,11
33.81940841674805,-0.27481213212013245,28.107770919799805,11
33.80500411987305,-0.3251413404941559,28.1049861907959,11
33.81021499633789,-0.3192976713180542,28.107215881347656,11
33.82919692993164,-0.3345116674900055,28.114444732666016,11
33.84069061279297,-0.3003079891204834,28.071874618530273,11
33.79297637939453,-0.25414445996284485,28.066242218017578,11
33.75971984863281,-0.20136307179927826,28.110218048095703,11
33.829158782958984,-0.249161496758461,28.100000381469727,11
33.82887649536133,-0.2856285870075226,28.084808349609375,11
33.80173873901367,-0.25707894563674927,28.094911575317383,11
33.75657653808594,-0.25325992703437805,28.102296829223633,11
33.773590087890625,-0.3467949628829956,28.090059280395508,11
33.72547912597656,-0.3385224938392639,28.145200729370117,11
33.82638168334961,-0.37414154410362244,28.094881057739258,11
33.89449691772461,-0.313896507024765,28.037275314331055,11
33.820430755615234,-0.228962242603302,28.10139274597168,11
33.736080169677734,-0.17159557342529297,28.157588958740234,11
33.74538803100586,-0.23420867323875427,28.127696990966797,11
33.799888610839844,-0.24791786074638367,28.113317489624023,11
33.850929260253906,-0.2046028971672058,28.113964080810547,11
33.796993255615234,-0.2122388482093811,28.150819778442383,11
33.75969314575195,-0.2565854787826538,28.170135498046875,11
33.8779182434082,-0.2905665338039398,28.10202407836914,11
33.80704116821289,-0.2569822072982788,28.07206153869629,11
33.65766525268555,-0.2080477923154831,28.140277862548828,11
33.622676849365234,-0.16219738125801086,28.20292854309082,11
33.78703689575195,-0.23621147871017456,28.13772964477539,11
33.8802604675293,-0.33077502250671387,28.075654983520508,11
33.84443664550781,-0.3091140687465668,28.044239044189453,11
33.73088073730469,-0.2509351670742035,28.10636329650879,11
33.68278121948242,-0.27174991369247437,28.169677734375,11
33.789146423339844,-0.3519810140132904,28.074325561523438,11
33.80217361450195,-0.2874254286289215,28.07569694519043,11
33.68446350097656,-0.1719953566789627,28.14537811279297,11
33.7273063659668,-0.1845124065876007,28.11713409423828,11
33.78670120239258,-0.2147575318813324,28.112289428710938,11
33.77826690673828,-0.28802767395973206,28.095909118652344,11
33.657230377197266,-0.26534774899482727,28.11554718017578,11
33.68074035644531,-0.19037361443042755,28.120960235595703,11
33.80970764160156,-0.25211936235427856,28.138059616088867,11
33.79497146606445,-0.24937458336353302,28.18406867980957,11
33.67807388305664,-0.1758357286453247,28.15976333618164,11
33.74506378173828,-0.23089633882045746,28.10698890686035,11
33.82863235473633,-0.2608059048652649,28.13631820678711,11
33.876888275146484,-0.23597820103168488,28.13892364501953,11
33.756996154785156,-0.16279953718185425,28.16227149963379,11
33.76388931274414,-0.16477841138839722,28.151966094970703,11
33.796112060546875,-0.26073357462882996,28.125837326049805,11
33.72138977050781,-0.23299545049667358,28.167497634887695,11
33.76472091674805,-0.2728402018547058,28.09326171875,11
33.83191680908203,-0.30462390184402466,28.05351448059082,11
33.792236328125,-0.25648337602615356,28.085506439208984,11
33.813541412353516,-0.2956782877445221,28.116050720214844,11
33.79627990722656,-0.30645450949668884,28.13563346862793,11
33.80953598022461,-0.2897356152534485,28.112916946411133,11
33.793460845947266,-0.2735818922519684,28.1031551361084,11
33.76753234863281,-0.2533928155899048,28.107379913330078,11
33.77174377441406,-0.22877834737300873,28.151620864868164,11
33.76978302001953,-0.19317886233329773,28.166675567626953,11
33.741432189941406,-0.1814332902431488,28.12306785583496,11
33.80093002319336,-0.26727011799812317,28.092790603637695,11
33.88312530517578,-0.3363649249076843,28.105838775634766,11
33.85398864746094,-0.30939656496047974,28.095888137817383,11
33.7958869934082,-0.2760801613330841,28.055505752563477,11
33.799652099609375,-0.2817266881465912,28.098079681396484,11
33.813907623291016,-0.21721915900707245,28.158674240112305,11
33.775306701660156,-0.1807698756456375,28.14878273010254,11
33.67218017578125,-0.1970100849866867,28.133718490600586,11
33.677799224853516,-0.25449085235595703,28.132944107055664,11
33.722991943359375,-0.20050090551376343,28.12061309814453,11
33.85606384277344,-0.19475983083248138,28.105281829833984,11
33.78499984741211,-0.20465359091758728,28.12619400024414,11
33.681793212890625,-0.2066909372806549,28.12271499633789,11
33.65369415283203,-0.18652759492397308,28.129362106323242,11
33.74380111694336,-0.19990459084510803,28.127941131591797,11
33.81367874145508,-0.2546020448207855,28.14634132385254,11
33.76054763793945,-0.24350540339946747,28.16785430908203,11
33.778076171875,-0.3109998106956482,28.084102630615234,11
33.815547943115234,-0.3248256742954254,28.029420852661133,11
33.84251403808594,-0.2959171533584595,28.040691375732422,11
33.78772735595703,-0.2254198044538498,28.145263671875,11
33.73902893066406,-0.1912458837032318,28.177114486694336,11
33.81631088256836,-0.2117173820734024,28.078216552734375,11
33.790897369384766,-0.17442764341831207,28.117944717407227,11
33.69496154785156,-0.1803891807794571,28.17110824584961,11
33.61032485961914,-0.21640129387378693,28.171964645385742,11
33.66242980957031,-0.24154525995254517,28.154293060302734,11
33.77943801879883,-0.30834949016571045,28.078018188476562,11
33.87297439575195,-0.2905225455760956,28.053794860839844,11
33.80134201049805,-0.2736140489578247,28.100770950317383,11
33.673641204833984,-0.21981070935726166,28.164636611938477,11
33.731266021728516,-0.16469673812389374,28.126611709594727,11
33.82011795043945,-0.21564476191997528,28.08504867553711,11
33.793540954589844,-0.30032798647880554,28.089868545532227,11
33.745460510253906,-0.25415173172950745,28.101402282714844,11
33.728416442871094,-0.2334548979997635,28.128652572631836,11
33.809715270996094,-0.20144027471542358,28.146841049194336,11
33.8060302734375,-0.18379639089107513,28.124828338623047,11
33.771488189697266,-0.2229928970336914,28.122055053710938,11
33.775848388671875,-0.29061537981033325,28.104019165039062,11
33.783451080322266,-0.2940705716609955,28.12100601196289,11
33.71754455566406,-0.23157425224781036,28.12986946105957,11
33.74421310424805,-0.16070465743541718,28.132122039794922,11
33.73222351074219,-0.15571674704551697,28.154621124267578,11
33.665069580078125,-0.2003069669008255,28.15842056274414,11
33.73945236206055,-0.28314363956451416,28.121973037719727,11
33.76628494262695,-0.28168055415153503,28.14063262939453,11
33.832157135009766,-0.29119277000427246,28.149566650390625,11
33.816368103027344,-0.2569901645183563,28.16278839111328,11
33.745975494384766,-0.23586593568325043,28.151315689086914,11
33.72386169433594,-0.201101154088974,28.107894897460938,11
33.76131057739258,-0.20294879376888275,28.10576820373535,11
33.789493560791016,-0.2461603879928589,28.09152603149414,11
33.824928283691406,-0.2339036613702774,28.072166442871094,11
33.85686111450195,-0.2636297047138214,28.06162452697754,11
33.79557800292969,-0.2511262893676758,28.08134651184082,11
33.772483825683594,-0.22792750597000122,28.106369018554688,11
33.64506530761719,-0.15865863859653473,28.152620315551758,11
33.63479995727539,-0.1464429497718811,28.127246856689453,11
33.73432540893555,-0.2294270396232605,28.095184326171875,11
33.895259857177734,-0.32005321979522705,28.0417423248291,11
33.87667465209961,-0.2843667268753052,28.07164764404297,11
33.83297348022461,-0.28952911496162415,28.096073150634766,11
33.80600357055664,-0.27173134684562683,28.090227127075195,11
33.805572509765625,-0.27696022391319275,28.105838775634766,11
33.746463775634766,-0.2846032381057739,28.12907600402832,11
33.70603942871094,-0.27082112431526184,28.1741886138916,11
33.730010986328125,-0.18212692439556122,28.162227630615234,11
33.766841888427734,-0.17136970162391663,28.110246658325195,11
33.806434631347656,-0.22346530854701996,28.061899185180664,11
33.723114013671875,-0.22480979561805725,28.076601028442383,11
33.72720718383789,-0.21069064736366272,28.093711853027344,11
33.74003601074219,-0.24278411269187927,28.08323097229004,11
33.725711822509766,-0.21858280897140503,28.103485107421875,11
33.6966438293457,-0.21117351949214935,28.131290435791016,11
33.670867919921875,-0.16992992162704468,28.149097442626953,11
33.695343017578125,-0.17316082119941711,28.12221908569336,11
33.80390930175781,-0.17830826342105865,28.103708267211914,11
33.874088287353516,-0.24622660875320435,28.071941375732422,11
33.86253356933594,-0.2591448128223419,28.073335647583008,11
33.734798431396484,-0.24157695472240448,28.133459091186523,11
33.713191986083984,-0.23769813776016235,28.120121002197266,11
33.75782012939453,-0.2909764051437378,28.046459197998047,11
33.81543731689453,-0.3194528818130493,28.073001861572266,11
33.801761627197266,-0.2659098505973816,28.136981964111328,11
33.73116683959961,-0.24449512362480164,28.128292083740234,11
33.6978874206543,-0.2356444150209427,28.112720489501953,11
33.73368835449219,-0.24726524949073792,28.116201400756836,11
33.80698013305664,-0.2748776972293854,28.112823486328125,11
33.783409118652344,-0.2213614284992218,28.128822326660156,11
33.705081939697266,-0.1478513777256012,28.15707015991211,11
33.73805618286133,-0.17092682421207428,28.158782958984375,11
33.74449157714844,-0.24332718551158905,28.14109230041504,11
33.842281341552734,-0.30937692523002625,28.069561004638672,11
33.91791915893555,-0.3057580292224884,28.026578903198242,11
33.805179595947266,-0.1874130666255951,28.096839904785156,11
33.73139190673828,-0.14873790740966797,28.104232788085938,11
33.648067474365234,-0.20968033373355865,28.14893913269043,11
33.63676452636719,-0.2746191620826721,28.1678524017334,11
33.690181732177734,-0.2828044891357422,28.14943504333496,11
33.741477966308594,-0.2882748544216156,28.116943359375,11
33.72780990600586,-0.2973623275756836,28.12474250793457,11
33.768192291259766,-0.3430527448654175,28.08732795715332,11
33.792442321777344,-0.3356974124908447,28.098230361938477,11
33.82353210449219,-0.3764515221118927,28.08138084411621,11
33.83124542236328,-0.31119009852409363,28.06439971923828,11
33.798526763916016,-0.31832605600357056,28.053592681884766,11
33.706756591796875,-0.2214500457048416,28.099925994873047,11
33.6315803527832,-0.16467314958572388,28.170677185058594,11
33.667423248291016,-0.15535125136375427,28.180055618286133,11
33.68736267089844,-0.1651603728532791,28.18867301940918,11
33.70323944091797,-0.17026439309120178,28.185998916625977,11
33.856056213378906,-0.23151355981826782,28.109519958496094,11
33.884944915771484,-0.20860373973846436,28.081823348999023,11
33.833106994628906,-0.23786571621894836,28.104568481445312,11
33.825706481933594,-0.22318221628665924,28.123870849609375,11
33.81465148925781,-0.19039154052734375,28.113306045532227,11
33.763336181640625,-0.17038115859031677,28.114898681640625,11
33.7242317199707,-0.19168834388256073,28.123634338378906,11
33.68307113647461,-0.22868454456329346,28.166946411132812,11
33.71017074584961,-0.21380473673343658,28.16426658630371,11
33.795230865478516,-0.2544252276420593,28.096397399902344,11
33.82246017456055,-0.2523333430290222,28.093503952026367,11
33.78561782836914,-0.22976332902908325,28.131555557250977,11
33.67811584472656,-0.20847515761852264,28.179340362548828,11
33.66917037963867,-0.2076905071735382,28.147083282470703,11
33.710105895996094,-0.19357573986053467,28.137393951416016,11
33.70089340209961,-0.2322816401720047,28.14752769470215,11
33.742916107177734,-0.28131383657455444,28.124547958374023,11
33.75319290161133,-0.29257434606552124,28.12024688720703,11
33.799930572509766,-0.27506881952285767,28.084917068481445,11
33.78059387207031,-0.2422814518213272,28.12580108642578,11
33.7495002746582,-0.2359745353460312,28.12502098083496,11
33.71106719970703,-0.251118928194046,28.12977409362793,11
33.738277435302734,-0.18863697350025177,28.12909507751465,11
33.779563903808594,-0.1817881017923355,28.101856231689453,11
33.84116744995117,-0.1898648887872696,28.073789596557617,11
33.903961181640625,-0.21329765021800995,28.059722900390625,11
33.846107482910156,-0.26144567131996155,28.09554100036621,11
33.81150817871094,-0.2857287526130676,28.126537322998047,11
33.80961990356445,-0.20404338836669922,28.14295196533203,11
33.73945236206055,-0.23588153719902039,28.154081344604492,11
33.743656158447266,-0.2723734378814697,28.127695083618164,11
33.716590881347656,-0.22739726305007935,28.140216827392578,11
33.66923904418945,-0.1949910670518875,28.1711483001709,11
33.83713150024414,-0.2243794947862625,28.126691818237305,11
33.92615509033203,-0.2767753601074219,28.072792053222656,11
33.88640213012695,-0.30275166034698486,28.08203125,11
33.770172119140625,-0.2651562988758087,28.10437774658203,11
33.73759078979492,-0.20519931614398956,28.128477096557617,11
33.683441162109375,-0.18915775418281555,28.162477493286133,11
33.72422790527344,-0.1725941151380539,28.11185073852539,11
33.77510070800781,-0.2093590497970581,28.07253646850586,11
33.74345779418945,-0.21571151912212372,28.117116928100586,11
33.82011032104492,-0.24183887243270874,28.12890625,11
33.7557487487793,-0.2837439179420471,28.120140075683594,11
33.789024353027344,-0.310690313577652,28.08387565612793,11
33.85407257080078,-0.266889363527298,28.081010818481445,11
33.80647277832031,-0.22124892473220825,28.097124099731445,11
33.7767448425293,-0.2003607153892517,28.12034797668457,11
33.70556640625,-0.17106814682483673,28.16217041015625,11
33.781646728515625,-0.21193751692771912,28.138986587524414,11
33.79356002807617,-0.24729160964488983,28.122802734375,11
33.704742431640625,-0.22258910536766052,28.12652587890625,11
33.7037467956543,-0.21410076320171356,28.196245193481445,11
33.699649810791016,-0.2627054452896118,28.197795867919922,11
33.70870590209961,-0.21010898053646088,28.135805130004883,11
33.71123123168945,-0.1837615966796875,28.15865135192871,11
33.803035736083984,-0.25523367524147034,28.168806076049805,11
33.852378845214844,-0.27970609068870544,28.114316940307617,11
33.841705322265625,-0.2561852037906647,28.090532302856445,11
33.8141975402832,-0.24163928627967834,28.107030868530273,11
33.7152214050293,-0.21770775318145752,28.15825653076172,11
33.73849105834961,-0.2860676348209381,28.152729034423828,11
33.7485466003418,-0.3049425780773163,28.151195526123047,11
33.724754333496094,-0.2596357464790344,28.116779327392578,11
33.7188720703125,-0.1968766450881958,28.14718246459961,11
33.768585205078125,-0.22619396448135376,28.12567710876465,11
33.824825286865234,-0.25095680356025696,28.075855255126953,11
33.773380279541016,-0.20620639622211456,28.126434326171875,11
33.7212028503418,-0.2678767144680023,28.167770385742188,11
33.72529602050781,-0.2514912188053131,28.124723434448242,11
33.73455810546875,-0.20353339612483978,28.134658813476562,11
33.77499008178711,-0.21730148792266846,28.115007400512695,11
33.8017692565918,-0.2596258223056793,28.03159523010254,11
33.788291931152344,-0.24209198355674744,28.025501251220703,11
33.720680236816406,-0.2375524491071701,28.130796432495117,11
33.793949127197266,-0.2842174470424652,28.128456115722656,11
33.824222564697266,-0.25867313146591187,28.094863891601562,11
33.805206298828125,-0.19903075695037842,28.104087829589844,11
33.8763313293457,-0.2635476589202881,28.078773498535156,11
33.8616828918457,-0.2755516767501831,28.080930709838867,11
33.803401947021484,-0.2139241099357605,28.083568572998047,11
33.775394439697266,-0.21877841651439667,28.14311408996582,11
33.71725082397461,-0.2629084587097168,28.188072204589844,11
33.77037048339844,-0.31956201791763306,28.134584426879883,11
33.83412170410156,-0.224152073264122,28.110231399536133,11
33.872074127197266,-0.1793098896741867,28.09735870361328,11
33.88625717163086,-0.21611888706684113,28.065448760986328,11
33.88672637939453,-0.2848673164844513,28.017093658447266,11
33.875648498535156,-0.29187262058258057,28.03432846069336,11
33.894813537597656,-0.2659468948841095,28.046886444091797,11
33.852333068847656,-0.24431614577770233,28.064138412475586,11
33.80836868286133,-0.24359267950057983,28.12864875793457,11
33.76606369018555,-0.21941371262073517,28.13536834716797,11
33.822391510009766,-0.26088109612464905,28.11821174621582,11
33.9300537109375,-0.35046109557151794,28.06812286376953,11
33.89030456542969,-0.26656582951545715,28.081275939941406,11
33.799232482910156,-0.21642464399337769,28.123218536376953,11
33.719696044921875,-0.1886916309595108,28.177837371826172,11
33.69749069213867,-0.16689762473106384,28.147876739501953,11
33.70670700073242,-0.27720460295677185,28.117252349853516,11
33.740962982177734,-0.2569035589694977,28.12626075744629,11
33.71908187866211,-0.22295822203159332,28.158536911010742,11
33.7182502746582,-0.2117156982421875,28.13014030456543,11
33.84898376464844,-0.2539968192577362,28.07720375061035,11
33.887332916259766,-0.2742985486984253,28.074420928955078,11
33.818294525146484,-0.26120325922966003,28.103580474853516,11
33.81724166870117,-0.3035314977169037,28.09782600402832,11
33.8176383972168,-0.32369518280029297,28.068159103393555,11
33.75444412231445,-0.19544963538646698,28.08931541442871,11
33.701900482177734,-0.14824439585208893,28.164810180664062,11
33.70946502685547,-0.14574532210826874,28.182735443115234,11
33.814430236816406,-0.20824703574180603,28.123655319213867,11
33.861175537109375,-0.3442906439304352,28.078571319580078,11
33.818016052246094,-0.4025908410549164,28.09077262878418,11
33.80122375488281,-0.2877674698829651,28.13356590270996,11
33.81768798828125,-0.19248859584331512,28.150819778442383,11
33.729461669921875,-0.22290053963661194,28.126001358032227,11
33.720829010009766,-0.2673110067844391,28.11870765686035,11
33.771270751953125,-0.24440574645996094,28.152198791503906,11
33.796722412109375,-0.21093417704105377,28.152170181274414,11
33.831520080566406,-0.2254234254360199,28.101728439331055,11
33.77107238769531,-0.2360129952430725,28.11271095275879,11
33.754215240478516,-0.2251976728439331,28.137880325317383,11
33.700477600097656,-0.20848990976810455,28.167652130126953,11
33.75111389160156,-0.26928552985191345,28.14167594909668,11
33.801822662353516,-0.3079378008842468,28.134246826171875,11
33.72725296020508,-0.22403301298618317,28.175752639770508,11
33.79692459106445,-0.16041435301303864,28.14015769958496,11
33.788265228271484,-0.22592441737651825,28.080204010009766,11
33.83143615722656,-0.3557308614253998,28.07533073425293,11
33.80973815917969,-0.3047855496406555,28.07806968688965,11
33.75511169433594,-0.22593598067760468,28.07726287841797,11
33.70759963989258,-0.1666763722896576,28.11666488647461,11
33.728004455566406,-0.187276229262352,28.141921997070312,11
33.74016189575195,-0.13879147171974182,28.17833137512207,11
33.72222137451172,-0.1382654905319214,28.136110305786133,11
33.78202819824219,-0.22198860347270966,28.089609146118164,11
33.796836853027344,-0.2417018562555313,28.096527099609375,11
33.708351135253906,-0.2983753979206085,28.12162971496582,11
33.70648956298828,-0.3146739602088928,28.175905227661133,11
33.77112579345703,-0.2992912232875824,28.158203125,11
33.74855041503906,-0.24988479912281036,28.151458740234375,11
33.68272018432617,-0.2402024120092392,28.140073776245117,11
33.72984313964844,-0.2555234432220459,28.12835693359375,11
33.8317756652832,-0.2420799285173416,28.10297203063965,11
33.82866287231445,-0.2157798707485199,28.144559860229492,11
33.753177642822266,-0.24262042343616486,28.19434928894043,11
33.748321533203125,-0.28944647312164307,28.14175796508789,11
33.79241180419922,-0.28635865449905396,28.06336212158203,11
33.81142807006836,-0.23042850196361542,28.117406845092773,11
33.85082244873047,-0.22360843420028687,28.159408569335938,11
33.81501388549805,-0.23391418159008026,28.124662399291992,11
33.75510787963867,-0.2280152142047882,28.128562927246094,11
33.73632049560547,-0.21232695877552032,28.111698150634766,11
33.82857131958008,-0.1918300986289978,28.061059951782227,11
33.78825378417969,-0.19173869490623474,28.0950870513916,11
33.680946350097656,-0.17878833413124084,28.145160675048828,11
33.69139862060547,-0.1960022747516632,28.13759422302246,11
33.69805908203125,-0.21386848390102386,28.132064819335938,11
33.61512756347656,-0.19201889634132385,28.160236358642578,11
33.869720458984375,-0.28492313623428345,28.04543113708496,11
33.94841003417969,-0.302899569272995,28.00246810913086,11
33.8582763671875,-0.251982182264328,28.059186935424805,11
33.76670837402344,-0.1808404177427292,28.100343704223633,11
33.77180480957031,-0.23691172897815704,28.083417892456055,11
33.7850227355957,-0.23096412420272827,28.12009048461914,11
33.7456169128418,-0.20129093527793884,28.169523239135742,11
33.76496505737305,-0.23168796300888062,28.138877868652344,11
33.79759216308594,-0.22346332669258118,28.11406707763672,11
33.755653381347656,-0.22190159559249878,28.093008041381836,11
33.764732360839844,-0.27507299184799194,28.107141494750977,11
33.790679931640625,-0.1952463984489441,28.11496353149414,11
33.7530403137207,-0.17020103335380554,28.138683319091797,11
33.748592376708984,-0.227172389626503,28.14594268798828,11
33.75154113769531,-0.25513333082199097,28.12929916381836,11
33.71620178222656,-0.22649292647838593,28.146377563476562,11
33.690608978271484,-0.17280617356300354,28.16810417175293,11
33.77423858642578,-0.2243247926235199,28.144859313964844,11
33.78950119018555,-0.25821739435195923,28.12169075012207,11
33.797969818115234,-0.29902300238609314,28.099519729614258,11
33.7937126159668,-0.2310289442539215,28.11623764038086,11
33.725616455078125,-0.13877056539058685,28.148391723632812,11
33.75258255004883,-0.16603171825408936,28.17024040222168,11
33.81498718261719,-0.22461116313934326,28.13810920715332,11
33.76896667480469,-0.22537750005722046,28.111719131469727,11
33.733280181884766,-0.22512558102607727,28.116046905517578,11
33.68684005737305,-0.1649893969297409,28.123109817504883,11
33.64533996582031,-0.16018787026405334,28.149749755859375,11
33.73508071899414,-0.21270275115966797,28.13898277282715,11
33.7990608215332,-0.2596733272075653,28.078550338745117,11
33.794803619384766,-0.2639232873916626,28.06090545654297,11
33.840484619140625,-0.23153847455978394,28.04030418395996,11
33.78631591796875,-0.20096439123153687,28.11688995361328,11
33.81693649291992,-0.2371387928724289,28.133487701416016,11
33.84075164794922,-0.2807041108608246,28.093639373779297,11
33.84028244018555,-0.2373168170452118,28.132259368896484,11
33.71149444580078,-0.12472980469465256,28.20400047302246,11
33.747779846191406,-0.1882506161928177,28.164997100830078,11
33.852901458740234,-0.2802027463912964,28.08753776550293,11
33.69901657104492,-0.24196837842464447,28.11863899230957,11
33.6660270690918,-0.2244112342596054,28.135040283203125,11
33.7309684753418,-0.21861660480499268,28.11029624938965,11
33.720794677734375,-0.22188693284988403,28.14975357055664,11
33.759830474853516,-0.2161879688501358,28.150922775268555,11
33.831626892089844,-0.23402851819992065,28.161611557006836,11
33.7968635559082,-0.2562442719936371,28.15974235534668,11
33.758583068847656,-0.192032128572464,28.16579246520996,11
33.71525955200195,-0.24839816987514496,28.174346923828125,11
33.74607849121094,-0.3417852818965912,28.111858367919922,11
33.78935241699219,-0.2692425549030304,28.087125778198242,11
33.861202239990234,-0.27580103278160095,28.126840591430664,11
33.90608215332031,-0.281777024269104,28.09979248046875,11
33.80411148071289,-0.24450522661209106,28.09507942199707,11
33.74436569213867,-0.2165079116821289,28.12338638305664,11
33.76072692871094,-0.22373656928539276,28.1418514251709,11
33.776058197021484,-0.22062526643276215,28.125566482543945,11
33.75477600097656,-0.3002808094024658,28.110036849975586,11
33.72915267944336,-0.30756518244743347,28.164730072021484,11
33.78424072265625,-0.2910904288291931,28.15406036376953,11
33.818580627441406,-0.2863296568393707,28.122175216674805,11
33.85319900512695,-0.26901936531066895,28.11719512939453,11
33.778656005859375,-0.19836151599884033,28.158418655395508,11
33.766624450683594,-0.19047138094902039,28.11089324951172,11
33.748470306396484,-0.2038271278142929,28.098224639892578,11
33.803653717041016,-0.2643446922302246,28.102188110351562,11
33.87062454223633,-0.30755898356437683,28.094324111938477,11
33.80755615234375,-0.285329133272171,28.137407302856445,11
33.74317169189453,-0.23866645991802216,28.155380249023438,11
33.76329040527344,-0.24426846206188202,28.13768768310547,11
33.819644927978516,-0.249333918094635,28.088680267333984,11
33.765323638916016,-0.2615117132663727,28.117942810058594,11
33.744869232177734,-0.25371110439300537,28.15262222290039,11
33.75749206542969,-0.24127040803432465,28.122194290161133,11
33.79093933105469,-0.2532500624656677,28.075111389160156,11
33.738834381103516,-0.23301388323307037,28.10053253173828,11
33.81632995605469,-0.2953895032405853,28.09308624267578,11
33.862430572509766,-0.27706459164619446,28.090415954589844,11
33.795494079589844,-0.22514086961746216,28.13089370727539,11
33.67292785644531,-0.25715571641921997,28.20699119567871,11
33.721824645996094,-0.26426276564598083,28.175949096679688,11
33.78762435913086,-0.2381947636604309,28.106107711791992,11
33.796630859375,-0.18430744111537933,28.06614112854004,11
33.74968338012695,-0.1361703872680664,28.110584259033203,11
33.74162292480469,-0.22815914452075958,28.167490005493164,11
33.74980545043945,-0.26962918043136597,28.166162490844727,11
33.67729568481445,-0.193994402885437,28.16892433166504,11
33.712982177734375,-0.1931200474500656,28.15447425842285,11
33.790489196777344,-0.25393858551979065,28.105796813964844,11
33.8643684387207,-0.3267394006252289,28.058427810668945,11
33.82579803466797,-0.2803528308868408,28.077964782714844,11
33.827919006347656,-0.248417928814888,28.119400024414062,11
33.81734848022461,-0.242654949426651,28.13827896118164,11
33.77865219116211,-0.22081005573272705,28.141523361206055,11
33.81144714355469,-0.25912922620773315,28.148719787597656,11
33.866310119628906,-0.25975924730300903,28.109952926635742,11
33.81059646606445,-0.1801934391260147,28.12946319580078,11
33.699005126953125,-0.2332814335823059,28.129886627197266,11
33.739105224609375,-0.27994635701179504,28.114456176757812,11
33.7218132019043,-0.25179779529571533,28.15338134765625,11
33.77967071533203,-0.2823928892612457,28.1354923248291,11
33.753326416015625,-0.24040214717388153,28.171506881713867,11
33.74327087402344,-0.1865113079547882,28.19371223449707,11
33.69697570800781,-0.19643497467041016,28.133420944213867,11
