Alpha,Beta,Sun Detection,Error Code
-0.5000110864639282,1.4377132654190063,19.677974700927734,11
-0.4194716513156891,1.4870131015777588,19.66316032409668,11
-0.3917773365974426,1.4920868873596191,19.614442825317383,11
-0.4344554841518402,1.4532127380371094,19.54073715209961,11
-0.5740869045257568,1.359278917312622,19.680240631103516,11
-0.5548370480537415,1.446266531944275,19.615549087524414,11
-0.5008983612060547,1.4760770797729492,19.512195587158203,11
-0.528657853603363,1.410158395767212,19.552629470825195,11
-0.49437621235847473,1.5090588331222534,19.547433853149414,11
-0.43272316455841064,1.5585864782333374,19.51506996154785,11
-0.450960248708725,1.5522440671920776,19.501789093017578,11
-0.45901429653167725,1.5115638971328735,19.521699905395508,11
-0.5175087451934814,1.4165130853652954,19.579614639282227,11
-0.5629497766494751,1.3702154159545898,19.5253849029541,11
-0.4398282766342163,1.4783740043640137,19.550539016723633,11
-0.41002577543258667,1.5147227048873901,19.572223663330078,11
-0.48977652192115784,1.4951876401901245,19.533483505249023,11
-0.54198157787323,1.4755733013153076,19.609691619873047,11
-0.5505431294441223,1.4478654861450195,19.5549259185791,11
-0.5541068315505981,1.4777799844741821,19.49327278137207,11
-0.5227468609809875,1.482629656791687,19.531103134155273,11
-0.5517557263374329,1.445936918258667,19.624231338500977,11
-0.585182785987854,1.436711311340332,19.70406150817871,11
-0.5023528933525085,1.4797112941741943,19.597740173339844,11
-0.4689350128173828,1.4752942323684692,19.530136108398438,11
-0.4881955087184906,1.4314205646514893,19.5939998626709,11
-0.4701712131500244,1.440609097480774,19.5897216796875,11
-0.5269555449485779,1.4007951021194458,19.48981285095215,11
-0.6059724688529968,1.3557095527648926,19.45191192626953,11
-0.6749675273895264,1.373907446861267,19.45419692993164,11
-0.5962647795677185,1.4688531160354614,19.472898483276367,11
-0.44742560386657715,1.4989166259765625,19.498565673828125,11
-0.44230103492736816,1.4812465906143188,19.513553619384766,11
-0.5166492462158203,1.4400572776794434,19.53705406188965,11
-0.5423944592475891,1.4446079730987549,19.602828979492188,11
-0.5375300645828247,1.4833574295043945,19.53864860534668,11
-0.49578607082366943,1.4428538084030151,19.42940902709961,11
-0.47818902134895325,1.4398118257522583,19.50843620300293,11
-0.513909101486206,1.4750430583953857,19.46790313720703,11
-0.5299838185310364,1.493809700012207,19.489444732666016,11
-0.5255151391029358,1.5095078945159912,19.555463790893555,11
-0.5260215997695923,1.4552215337753296,19.600906372070312,11
-0.5534683465957642,1.3495674133300781,19.46099090576172,11
-0.4961322844028473,1.4565858840942383,19.455570220947266,11
-0.4437597692012787,1.4549622535705566,19.560646057128906,11
-0.45623108744621277,1.4557586908340454,19.523784637451172,11
-0.47246992588043213,1.501212477684021,19.58108901977539,11
-0.4816759526729584,1.4888510704040527,19.640195846557617,11
-0.49383050203323364,1.5417616367340088,19.557220458984375,11
-0.5085456967353821,1.5466786623001099,19.49122428894043,11
-0.5373300313949585,1.493436574935913,19.47325325012207,11
-0.5070609450340271,1.4578657150268555,19.479597091674805,11
-0.4546334147453308,1.472121238708496,19.552635192871094,11
-0.5021713972091675,1.476162314414978,19.583831787109375,11
-0.5280497670173645,1.5032103061676025,19.56666374206543,11
-0.4977206289768219,1.5427509546279907,19.53838539123535,11
-0.4650494456291199,1.4455407857894897,19.515836715698242,11
-0.4925125241279602,1.3509448766708374,19.494882583618164,11
-0.520550012588501,1.395395040512085,19.456323623657227,11
-0.48765847086906433,1.4850819110870361,19.45646858215332,11
-0.3606550693511963,1.5603837966918945,19.52058982849121,11
-0.38080543279647827,1.5349678993225098,19.57636833190918,11
-0.43713653087615967,1.546048879623413,19.634666442871094,11
-0.5145010948181152,1.5112559795379639,19.538984298706055,11
-0.49013611674308777,1.5101929903030396,19.556745529174805,11
-0.46717140078544617,1.4634690284729004,19.55274772644043,11
-0.4231993854045868,1.464635968208313,19.543235778808594,11
-0.4763687252998352,1.5079600811004639,19.540353775024414,11
-0.5440569519996643,1.4884356260299683,19.570293426513672,11
-0.5255597829818726,1.4888007640838623,19.545141220092773,11
-0.5296489000320435,1.4877983331680298,19.53885841369629,11
-0.486125648021698,1.5202882289886475,19.560314178466797,11
-0.5044856071472168,1.5406973361968994,19.57419776916504,11
-0.5345479846000671,1.4483599662780762,19.62091827392578,11
-0.5160459876060486,1.432584524154663,19.644489288330078,11
-0.5136864185333252,1.433229923248291,19.699893951416016,11
-0.5100709795951843,1.4739181995391846,19.586381912231445,11
-0.46856391429901123,1.4927400350570679,19.567787170410156,11
-0.43553709983825684,1.4326847791671753,19.619064331054688,11
-0.45733848214149475,1.4731684923171997,19.675235748291016,11
-0.5333096385002136,1.451819658279419,19.708885192871094,11
-0.4885939061641693,1.4255456924438477,19.603919982910156,11
-0.4368501901626587,1.4219905138015747,19.58951759338379,11
-0.4348500967025757,1.465033769607544,19.526966094970703,11
-0.4884378910064697,1.5238151550292969,19.474660873413086,11
-0.4619882106781006,1.5303899049758911,19.533035278320312,11
-0.3960689604282379,1.507307767868042,19.58755111694336,11
-0.4103635549545288,1.514150857925415,19.586088180541992,11
-0.5336894392967224,1.4437682628631592,19.65253257751465,11
-0.5585336089134216,1.4002689123153687,19.62157440185547,11
-0.5368872880935669,1.4124010801315308,19.591720581054688,11
-0.5669169425964355,1.421908974647522,19.675064086914062,11
-0.541056215763092,1.4932129383087158,19.67584228515625,11
-0.5346176624298096,1.4815382957458496,19.570775985717773,11
-0.47699400782585144,1.4361621141433716,19.509485244750977,11
-0.4975772202014923,1.4163609743118286,19.668649673461914,11
-0.4529532492160797,1.5402532815933228,19.60038948059082,11
-0.4247148036956787,1.5571088790893555,19.470773696899414,11
-0.4981192648410797,1.4432404041290283,19.577674865722656,11
-0.5043401122093201,1.3879165649414062,19.599201202392578,11
-0.5209168195724487,1.4340139627456665,19.567527770996094,11
-0.5067390203475952,1.481745719909668,19.60076904296875,11
-0.5096794962882996,1.5205045938491821,19.520349502563477,11
-0.556414008140564,1.482797384262085,19.43877410888672,11
-0.5292055010795593,1.560642957687378,19.50769805908203,11
-0.4821067154407501,1.505781888961792,19.523109436035156,11
-0.5228626728057861,1.419490098953247,19.459970474243164,11
-0.49545684456825256,1.4704582691192627,19.535104751586914,11
-0.4804171621799469,1.5579496622085571,19.579669952392578,11
-0.47683319449424744,1.5930256843566895,19.516048431396484,11
-0.5022754669189453,1.5427255630493164,19.502845764160156,11
-0.5144754648208618,1.5176591873168945,19.52366828918457,11
-0.5032430291175842,1.4993438720703125,19.554452896118164,11
-0.5011449456214905,1.4607458114624023,19.48354148864746,11
-0.4983373284339905,1.4238754510879517,19.448867797851562,11
-0.45618394017219543,1.489061713218689,19.578895568847656,11
-0.4915604293346405,1.4882136583328247,19.669483184814453,11
-0.5264977812767029,1.4956371784210205,19.63152503967285,11
-0.4770797789096832,1.5211611986160278,19.63108253479004,11
-0.4868842363357544,1.4952698945999146,19.65877342224121,11
-0.47970864176750183,1.4835028648376465,19.660123825073242,11
-0.5306631326675415,1.412994384765625,19.526243209838867,11
-0.5182936787605286,1.453049659729004,19.519222259521484,11
-0.5131317377090454,1.4876042604446411,19.542282104492188,11
-0.5101100206375122,1.4554213285446167,19.542871475219727,11
-0.5428294539451599,1.388474464416504,19.588674545288086,11
-0.5518172383308411,1.3967036008834839,19.618064880371094,11
-0.46797019243240356,1.4726099967956543,19.499286651611328,11
-0.44509100914001465,1.4568439722061157,19.46990394592285,11
-0.4703499674797058,1.4148712158203125,19.53426170349121,11
-0.45056870579719543,1.483981728553772,19.58759307861328,11
-0.4459398686885834,1.529403805732727,19.561891555786133,11
-0.4194089472293854,1.554091453552246,19.594118118286133,11
-0.45645973086357117,1.5390369892120361,19.5541934967041,11
-0.5010145306587219,1.4985404014587402,19.460865020751953,11
-0.5486304759979248,1.46317720413208,19.462800979614258,11
-0.48337632417678833,1.5240992307662964,19.589887619018555,11
-0.4683000147342682,1.5141723155975342,19.63445281982422,11
-0.4911191463470459,1.4956603050231934,19.550350189208984,11
-0.47748419642448425,1.4953701496124268,19.484899520874023,11
-0.535198450088501,1.4796503782272339,19.463333129882812,11
-0.5031836628913879,1.5080691576004028,19.466751098632812,11
-0.4764203727245331,1.4391976594924927,19.471702575683594,11
-0.4889530837535858,1.4248143434524536,19.5279483795166,11
-0.4797403812408447,1.4736026525497437,19.587560653686523,11
-0.45933371782302856,1.5069684982299805,19.513187408447266,11
-0.4674995541572571,1.4731268882751465,19.521072387695312,11
-0.43277838826179504,1.4776453971862793,19.60582733154297,11
-0.4466627538204193,1.4930998086929321,19.620939254760742,11
-0.5076706409454346,1.4945847988128662,19.5393123626709,11
-0.5381159782409668,1.4793270826339722,19.506580352783203,11
-0.5565201640129089,1.461472749710083,19.559663772583008,11
-0.5639969110488892,1.4567103385925293,19.582590103149414,11
-0.479584664106369,1.501937985420227,19.574573516845703,11
-0.47873497009277344,1.5097591876983643,19.520000457763672,11
-0.5599064826965332,1.4755613803863525,19.548526763916016,11
-0.5625245571136475,1.4580601453781128,19.60352897644043,11
-0.531937837600708,1.5045493841171265,19.533517837524414,11
-0.5258200764656067,1.486836552619934,19.49454116821289,11
-0.4753568172454834,1.4735374450683594,19.508411407470703,11
-0.417621910572052,1.4759411811828613,19.57830047607422,11
-0.4406876266002655,1.4888732433319092,19.617660522460938,11
-0.5274354815483093,1.4253790378570557,19.56184196472168,11
-0.5468088388442993,1.4440487623214722,19.463390350341797,11
-0.5652738809585571,1.5053094625473022,19.538991928100586,11
-0.5245940685272217,1.4978233575820923,19.615236282348633,11
-0.5100281238555908,1.4614777565002441,19.667705535888672,11
-0.5658454298973083,1.4187726974487305,19.583641052246094,11
-0.5895228385925293,1.4033761024475098,19.518095016479492,11
-0.565217137336731,1.4187792539596558,19.55845832824707,11
-0.5108136534690857,1.4893873929977417,19.627735137939453,11
-0.5219571590423584,1.5059162378311157,19.604522705078125,11
-0.5636743307113647,1.473402738571167,19.573261260986328,11
-0.49658653140068054,1.451706051826477,19.573543548583984,11
-0.46013718843460083,1.4058847427368164,19.533655166625977,11
-0.4344552755355835,1.4781707525253296,19.564729690551758,11
-0.4986092448234558,1.4587353467941284,19.557716369628906,11
-0.5063849687576294,1.4700201749801636,19.59343147277832,11
-0.4666439890861511,1.4904917478561401,19.644500732421875,11
-0.510114848613739,1.429638385772705,19.572460174560547,11
-0.5330052375793457,1.4561740159988403,19.561681747436523,11
-0.5435645580291748,1.4958581924438477,19.663789749145508,11
-0.5572253465652466,1.470878005027771,19.61379051208496,11
-0.481260746717453,1.4606550931930542,19.522600173950195,11
-0.4832819402217865,1.4965230226516724,19.58308219909668,11
-0.5903511047363281,1.4822098016738892,19.65101432800293,11
-0.5721922516822815,1.4547278881072998,19.671175003051758,11
-0.5699485540390015,1.4143235683441162,19.52837562561035,11
-0.5446279048919678,1.4202125072479248,19.469797134399414,11
-0.4801670014858246,1.404353380203247,19.577394485473633,11
-0.49428412318229675,1.434883713722229,19.6033935546875,11
-0.505368173122406,1.463828444480896,19.520904541015625,11
-0.5126432180404663,1.4402556419372559,19.5715389251709,11
-0.4349595606327057,1.4339886903762817,19.708168029785156,11
-0.3874324858188629,1.5301159620285034,19.664329528808594,11
-0.4944233000278473,1.497016429901123,19.54729461669922,11
-0.5478563904762268,1.4070979356765747,19.57953453063965,11
-0.4022263288497925,1.440205693244934,19.60930824279785,11
-0.4313182830810547,1.4804857969284058,19.488685607910156,11
-0.5288757085800171,1.4874578714370728,19.555919647216797,11
-0.5236324071884155,1.4872894287109375,19.604263305664062,11
-0.4840855300426483,1.459842562675476,19.542335510253906,11
-0.47970688343048096,1.4874786138534546,19.52662467956543,11
-0.5056188106536865,1.5036791563034058,19.5583438873291,11
-0.5254690051078796,1.4636317491531372,19.64624786376953,11
-0.49594399333000183,1.4597151279449463,19.588502883911133,11
-0.43425193428993225,1.3934359550476074,19.536643981933594,11
-0.44489243626594543,1.4107600450515747,19.50780487060547,11
-0.4811612665653229,1.4862747192382812,19.62166976928711,11
-0.4935327172279358,1.541288137435913,19.62380599975586,11
-0.4715295433998108,1.5099905729293823,19.676959991455078,11
-0.470804363489151,1.4397263526916504,19.625211715698242,11
-0.5195671319961548,1.3837711811065674,19.526813507080078,11
-0.5196462869644165,1.4067604541778564,19.49968147277832,11
-0.46240782737731934,1.4672349691390991,19.574722290039062,11
-0.45810288190841675,1.5303682088851929,19.606430053710938,11
-0.4482766091823578,1.5060614347457886,19.627113342285156,11
-0.5037394762039185,1.4656561613082886,19.69222640991211,11
-0.5620403289794922,1.4591642618179321,19.663400650024414,11
-0.526076078414917,1.5160229206085205,19.620132446289062,11
-0.496468186378479,1.4940333366394043,19.665966033935547,11
-0.4657467007637024,1.450878620147705,19.750398635864258,11
-0.5178630948066711,1.4318410158157349,19.728574752807617,11
-0.5302646160125732,1.4717799425125122,19.573392868041992,11
-0.489340603351593,1.47981858253479,19.494043350219727,11
-0.4110226333141327,1.4472863674163818,19.63615608215332,11
-0.3480262756347656,1.4776370525360107,19.65049171447754,11
-0.3711024522781372,1.4917575120925903,19.562768936157227,11
-0.5062174797058105,1.4931405782699585,19.53972053527832,11
-0.5551761388778687,1.4655190706253052,19.599496841430664,11
-0.5393437147140503,1.4291361570358276,19.587860107421875,11
-0.5456253290176392,1.463282585144043,19.547395706176758,11
-0.5068737268447876,1.5300973653793335,19.467187881469727,11
-0.47361481189727783,1.4712529182434082,19.542205810546875,11
-0.47331398725509644,1.4548932313919067,19.613773345947266,11
-0.4483354091644287,1.4797897338867188,19.63739013671875,11
-0.4173957109451294,1.5022119283676147,19.60565948486328,11
-0.4781586527824402,1.5059940814971924,19.590702056884766,11
-0.5228760242462158,1.4748417139053345,19.562387466430664,11
-0.5400431752204895,1.4413796663284302,19.604982376098633,11
-0.5612770915031433,1.3634803295135498,19.634765625,11
-0.493377149105072,1.3872747421264648,19.671201705932617,11
-0.4597822427749634,1.4964087009429932,19.612897872924805,11
-0.5095146894454956,1.5303939580917358,19.483549118041992,11
-0.5608378052711487,1.5146044492721558,19.480224609375,11
-0.5346261858940125,1.4885221719741821,19.58626365661621,11
-0.515419065952301,1.5192431211471558,19.541887283325195,11
-0.4884008765220642,1.523108720779419,19.48807716369629,11
-0.4792701005935669,1.4631190299987793,19.602678298950195,11
-0.502972424030304,1.489160180091858,19.613500595092773,11
-0.5605466365814209,1.4813332557678223,19.491289138793945,11
-0.5856091380119324,1.457331657409668,19.522342681884766,11
-0.479531466960907,1.5059270858764648,19.559097290039062,11
-0.4179728627204895,1.507664442062378,19.535831451416016,11
-0.4959682524204254,1.40252685546875,19.489965438842773,11
-0.460358589887619,1.4479150772094727,19.44474220275879,11
-0.412556529045105,1.5164005756378174,19.487516403198242,11
-0.39324089884757996,1.521470308303833,19.55137825012207,11
-0.4369361996650696,1.512428641319275,19.531648635864258,11
-0.5093240141868591,1.530297875404358,19.517072677612305,11
-0.538196861743927,1.5311822891235352,19.55458641052246,11
-0.551251232624054,1.5011194944381714,19.578275680541992,11
-0.5501712560653687,1.476983904838562,19.592199325561523,11
-0.4637874662876129,1.4811662435531616,19.556671142578125,11
-0.44912436604499817,1.4128919839859009,19.514114379882812,11
-0.3850940763950348,1.455306887626648,19.60379981994629,11
-0.5080392956733704,1.4915719032287598,19.563426971435547,11
-0.5289232134819031,1.5057581663131714,19.526416778564453,11
-0.47583359479904175,1.468284249305725,19.596534729003906,11
-0.5079188346862793,1.4419097900390625,19.703338623046875,11
-0.5347954034805298,1.4347093105316162,19.684940338134766,11
-0.5553538799285889,1.4156414270401,19.602195739746094,11
-0.5893644690513611,1.4507691860198975,19.520748138427734,11
-0.5700933933258057,1.4896185398101807,19.535825729370117,11
-0.4689468443393707,1.5078235864639282,19.52426528930664,11
-0.5156834125518799,1.4181054830551147,19.503707885742188,11
-0.5467327237129211,1.357932686805725,19.643476486206055,11
-0.42995956540107727,1.4233269691467285,19.658864974975586,11
-0.4355035424232483,1.490922212600708,19.540184020996094,11
-0.48076531291007996,1.4905028343200684,19.550867080688477,11
-0.49790823459625244,1.4747158288955688,19.59531021118164,11
-0.5580707788467407,1.4510548114776611,19.576196670532227,11
-0.6024565100669861,1.490332841873169,19.540077209472656,11
-0.4857965111732483,1.5326957702636719,19.472204208374023,11
-0.43970558047294617,1.5166099071502686,19.460498809814453,11
-0.5369055271148682,1.4261720180511475,19.523052215576172,11
-0.5209233164787292,1.4456290006637573,19.62917137145996,11
-0.4452533721923828,1.4735187292099,19.574115753173828,11
-0.47468963265419006,1.5187678337097168,19.572429656982422,11
-0.46003150939941406,1.4921525716781616,19.583866119384766,11
-0.40827515721321106,1.5206477642059326,19.61424446105957,11
-0.4450431168079376,1.4544466733932495,19.629295349121094,11
-0.448630154132843,1.4151709079742432,19.656368255615234,11
-0.48860403895378113,1.4383151531219482,19.551252365112305,11
-0.5164157152175903,1.448805332183838,19.564393997192383,11
-0.5235826373100281,1.448746919631958,19.630035400390625,11
-0.4976464807987213,1.4325801134109497,19.586782455444336,11
-0.4727120101451874,1.4168059825897217,19.509679794311523,11
-0.46212637424468994,1.418868899345398,19.529277801513672,11
-0.5272908210754395,1.3909510374069214,19.507888793945312,11
-0.4383377134799957,1.4489259719848633,19.55921173095703,11
-0.395995557308197,1.5088284015655518,19.6893310546875,11
-0.4871494174003601,1.494246006011963,19.697879791259766,11
-0.581089198589325,1.445770263671875,19.56554412841797,11
-0.5778810381889343,1.3953975439071655,19.48663330078125,11
-0.542319118976593,1.425214409828186,19.495302200317383,11
-0.5707005262374878,1.4510328769683838,19.538925170898438,11
-0.5382438898086548,1.4334758520126343,19.5757999420166,11
-0.5234571099281311,1.416396975517273,19.594928741455078,11
-0.5467283725738525,1.424953818321228,19.644458770751953,11
-0.4775005280971527,1.4456748962402344,19.651845932006836,11
-0.40648186206817627,1.4934287071228027,19.614376068115234,11
-0.49380195140838623,1.4866846799850464,19.65525245666504,11
-0.5132641792297363,1.501100778579712,19.60400390625,11
-0.5336857438087463,1.5070240497589111,19.516695022583008,11
-0.5444493293762207,1.4848254919052124,19.51669692993164,11
-0.5358222723007202,1.4457767009735107,19.600971221923828,11
-0.5030531287193298,1.4237456321716309,19.631336212158203,11
-0.490843802690506,1.4772093296051025,19.561872482299805,11
-0.5120615363121033,1.4277070760726929,19.544597625732422,11
-0.5183677673339844,1.4289103746414185,19.525897979736328,11
-0.5294729471206665,1.501479983329773,19.529634475708008,11
-0.5505472421646118,1.3827117681503296,19.498876571655273,11
-0.489684522151947,1.396713137626648,19.53728675842285,11
-0.5526397228240967,1.4046903848648071,19.597705841064453,11
-0.5616562366485596,1.4011180400848389,19.651723861694336,11
-0.47477591037750244,1.4669338464736938,19.638444900512695,11
-0.4476010203361511,1.48288893699646,19.618515014648438,11
-0.49052977561950684,1.46138596534729,19.604270935058594,11
-0.4896508753299713,1.400871992111206,19.570478439331055,11
-0.4675089120864868,1.4428858757019043,19.51694679260254,11
-0.48305144906044006,1.4840750694274902,19.492826461791992,11
-0.5315497517585754,1.5122610330581665,19.521596908569336,11
-0.4751927852630615,1.559261679649353,19.632427215576172,11
-0.3984278738498688,1.5207421779632568,19.67535400390625,11
-0.43480560183525085,1.4747741222381592,19.62735939025879,11
-0.537783682346344,1.509926199913025,19.57094955444336,11
-0.5536724925041199,1.4839941263198853,19.505226135253906,11
-0.4111616611480713,1.4893840551376343,19.56861114501953,11
-0.4320346713066101,1.4696455001831055,19.6453800201416,11
-0.5115692615509033,1.4168874025344849,19.6137752532959,11
-0.49040642380714417,1.4474989175796509,19.561185836791992,11
-0.48651963472366333,1.4428733587265015,19.560230255126953,11
-0.40317994356155396,1.4558085203170776,19.58009147644043,11
-0.4265865385532379,1.5016791820526123,19.54709815979004,11
-0.39437103271484375,1.5433449745178223,19.492101669311523,11
-0.45759451389312744,1.5011192560195923,19.462448120117188,11
-0.5274437665939331,1.4336159229278564,19.495258331298828,11
-0.5544689893722534,1.4443087577819824,19.524335861206055,11
-0.5424339771270752,1.4795074462890625,19.56080436706543,11
-0.5819606184959412,1.5006234645843506,19.548362731933594,11
-0.6088667511940002,1.5287144184112549,19.614036560058594,11
-0.612467348575592,1.467930793762207,19.559032440185547,11
-0.4863719940185547,1.4381566047668457,19.475845336914062,11
-0.4731757342815399,1.5165796279907227,19.547304153442383,11
-0.5096923112869263,1.5103225708007812,19.58754539489746,11
-0.5590449571609497,1.4186463356018066,19.521577835083008,11
-0.5768070816993713,1.427738070487976,19.455848693847656,11
-0.49542945623397827,1.5032827854156494,19.451045989990234,11
-0.4507187008857727,1.5131946802139282,19.52985382080078,11
-0.49369460344314575,1.47783625125885,19.58277130126953,11
-0.545016884803772,1.4129693508148193,19.564800262451172,11
-0.44439804553985596,1.4951106309890747,19.556659698486328,11
-0.3912593722343445,1.551479458808899,19.507585525512695,11
-0.4544113278388977,1.5165224075317383,19.60357093811035,11
-0.5208414196968079,1.4225276708602905,19.729604721069336,11
-0.5735348463058472,1.35306715965271,19.586732864379883,11
-0.5786758661270142,1.4402198791503906,19.555130004882812,11
-0.48493659496307373,1.5131516456604004,19.579181671142578,11
-0.45171645283699036,1.475367784500122,19.589576721191406,11
-0.48038771748542786,1.4714231491088867,19.64313316345215,11
-0.5501406788825989,1.3736375570297241,19.669588088989258,11
-0.5419415831565857,1.3805859088897705,19.707077026367188,11
-0.552838921546936,1.4306035041809082,19.691158294677734,11
-0.556489884853363,1.4692986011505127,19.553030014038086,11
-0.532925009727478,1.5281718969345093,19.46306800842285,11
-0.4807259440422058,1.5041987895965576,19.554283142089844,11
-0.5046466588973999,1.438489556312561,19.63371467590332,11
-0.5141729116439819,1.4068113565444946,19.623083114624023,11
-0.5098624229431152,1.419268012046814,19.530582427978516,11
-0.4581940472126007,1.4618741273880005,19.45527458190918,11
-0.41870734095573425,1.4863228797912598,19.535945892333984,11
-0.42937010526657104,1.4468047618865967,19.57105827331543,11
-0.4626119136810303,1.4467053413391113,19.593050003051758,11
-0.48237496614456177,1.482933759689331,19.529762268066406,11
-0.4990299344062805,1.478042721748352,19.472139358520508,11
-0.4904869794845581,1.4884521961212158,19.51945686340332,11
-0.5158300995826721,1.3883644342422485,19.523935317993164,11
-0.5442883968353271,1.3949503898620605,19.530223846435547,11
-0.5790173411369324,1.4245026111602783,19.594701766967773,11
-0.5125334858894348,1.4397287368774414,19.659074783325195,11
-0.44947853684425354,1.4482989311218262,19.66192626953125,11
-0.42630431056022644,1.4364391565322876,19.616945266723633,11
-0.48661789298057556,1.4387555122375488,19.51594352722168,11
-0.4205477237701416,1.4401077032089233,19.556547164916992,11
-0.39075377583503723,1.445180058479309,19.723955154418945,11
-0.46354562044143677,1.4385145902633667,19.678457260131836,11
-0.5033679008483887,1.4345643520355225,19.599828720092773,11
-0.5495886206626892,1.4609756469726562,19.51288604736328,11
-0.5254670977592468,1.432986855506897,19.475696563720703,11
-0.5338454246520996,1.438493013381958,19.485395431518555,11
-0.556559145450592,1.4934251308441162,19.596622467041016,11
-0.48882102966308594,1.5309709310531616,19.681873321533203,11
-0.49190306663513184,1.4624766111373901,19.5855712890625,11
-0.5495204329490662,1.4323980808258057,19.54819679260254,11
-0.5731454491615295,1.4660872220993042,19.555580139160156,11
-0.49178650975227356,1.5294053554534912,19.591501235961914,11
-0.4923027753829956,1.5031532049179077,19.554826736450195,11
-0.4834243655204773,1.4255881309509277,19.530588150024414,11
-0.5192345976829529,1.3742797374725342,19.52703094482422,11
-0.5416455268859863,1.386488437652588,19.501041412353516,11
-0.5517343282699585,1.4959378242492676,19.509023666381836,11
-0.5428621768951416,1.5467277765274048,19.566036224365234,11
-0.5282280445098877,1.5085383653640747,19.570646286010742,11
-0.46846985816955566,1.4766496419906616,19.63119125366211,11
-0.5265923142433167,1.445395827293396,19.628158569335938,11
-0.5414953827857971,1.4156454801559448,19.62837791442871,11
-0.45108070969581604,1.4682003259658813,19.551021575927734,11
-0.42497169971466064,1.5113840103149414,19.52654457092285,11
-0.5332295894622803,1.50313401222229,19.51980972290039,11
-0.5717341899871826,1.4669097661972046,19.53368377685547,11
-0.529248833656311,1.4708813428878784,19.548494338989258,11
-0.4900154173374176,1.5480892658233643,19.582944869995117,11
-0.43626654148101807,1.5544402599334717,19.566003799438477,11
-0.5437046885490417,1.4897408485412598,19.55746078491211,11
-0.5195598602294922,1.4397543668746948,19.659175872802734,11
-0.45594796538352966,1.4654333591461182,19.634313583374023,11
-0.48149681091308594,1.4994735717773438,19.570005416870117,11
-0.5288861989974976,1.4454832077026367,19.55474853515625,11
-0.4600257873535156,1.3625072240829468,19.62925910949707,11
-0.32293152809143066,1.4423736333847046,19.660396575927734,11
-0.4402846395969391,1.4463462829589844,19.60421371459961,11
-0.5728269815444946,1.3562806844711304,19.528474807739258,11
-0.5608354210853577,1.3636850118637085,19.527360916137695,11
-0.4768997132778168,1.3715037107467651,19.601367950439453,11
-0.442767858505249,1.4309765100479126,19.684921264648438,11
-0.5079620480537415,1.4791892766952515,19.628644943237305,11
-0.6084112524986267,1.399021863937378,19.47479248046875,11
-0.6498582363128662,1.3546921014785767,19.399229049682617,11
-0.6045602560043335,1.4249762296676636,19.457252502441406,11
-0.5472425222396851,1.458633542060852,19.55425262451172,11
-0.551300048828125,1.5246179103851318,19.58411979675293,11
-0.5856415033340454,1.4957385063171387,19.50341796875,11
-0.5314064621925354,1.4678682088851929,19.48776626586914,11
-0.4480746388435364,1.5025020837783813,19.542272567749023,11
-0.4319135248661041,1.488783597946167,19.564603805541992,11
-0.4423030912876129,1.5234318971633911,19.540754318237305,11
-0.5337541103363037,1.4966894388198853,19.520231246948242,11
-0.5887227058410645,1.4458972215652466,19.527652740478516,11
-0.5038376450538635,1.4955919981002808,19.574430465698242,11
-0.5053808093070984,1.5569857358932495,19.564363479614258,11
-0.5435253977775574,1.521661400794983,19.5625057220459,11
-0.5890025496482849,1.4688868522644043,19.516624450683594,11
-0.592439591884613,1.473328709602356,19.52678871154785,11
-0.5344585180282593,1.4083540439605713,19.649288177490234,11
-0.4874619245529175,1.4137104749679565,19.69077491760254,11
-0.44263237714767456,1.4125468730926514,19.589435577392578,11
-0.4746893346309662,1.4258482456207275,19.616958618164062,11
-0.5055710077285767,1.4386543035507202,19.681150436401367,11
-0.5300238132476807,1.4635926485061646,19.613496780395508,11
-0.47967109084129333,1.5053880214691162,19.528396606445312,11
-0.514914333820343,1.5149012804031372,19.520479202270508,11
-0.5542171001434326,1.4849070310592651,19.550275802612305,11
-0.5542589426040649,1.4075580835342407,19.573806762695312,11
-0.5600845813751221,1.4250181913375854,19.592145919799805,11
-0.5022902488708496,1.5121214389801025,19.49798583984375,11
-0.5179486274719238,1.4652365446090698,19.50501823425293,11
-0.5482791066169739,1.4309176206588745,19.589563369750977,11
-0.5341542959213257,1.4874365329742432,19.638368606567383,11
-0.5348039865493774,1.5127885341644287,19.647689819335938,11
-0.47142013907432556,1.4917917251586914,19.579111099243164,11
-0.45984938740730286,1.4771583080291748,19.6369686126709,11
-0.5585595965385437,1.4539909362792969,19.641332626342773,11
-0.5522592663764954,1.4699674844741821,19.538484573364258,11
-0.5257630348205566,1.4720704555511475,19.62502670288086,11
-0.5153332352638245,1.4889440536499023,19.659698486328125,11
-0.47303229570388794,1.51719331741333,19.583383560180664,11
-0.5407158136367798,1.4985074996948242,19.509592056274414,11
-0.5899394154548645,1.4124433994293213,19.514856338500977,11
-0.512158989906311,1.4237420558929443,19.611133575439453,11
-0.49463140964508057,1.4058974981307983,19.618593215942383,11
-0.4270329177379608,1.4702253341674805,19.533676147460938,11
-0.42975127696990967,1.5631091594696045,19.54535484313965,11
-0.49929922819137573,1.56624436378479,19.542722702026367,11
-0.5662274956703186,1.5136398077011108,19.551897048950195,11
-0.5606153607368469,1.4204819202423096,19.53186798095703,11
-0.5314801931381226,1.4474601745605469,19.526155471801758,11
-0.5533573031425476,1.434959053993225,19.50014877319336,11
-0.5176041126251221,1.451806664466858,19.545827865600586,11
-0.4101767838001251,1.4908825159072876,19.597543716430664,11
-0.4342423975467682,1.463189959526062,19.576448440551758,11
-0.48942482471466064,1.4599571228027344,19.678508758544922,11
-0.4901420474052429,1.4684288501739502,19.60761070251465,11
-0.5311987996101379,1.4452823400497437,19.545827865600586,11
-0.5713918805122375,1.4525526762008667,19.53351593017578,11
-0.546711266040802,1.4930169582366943,19.50605010986328,11
-0.48341140151023865,1.5142024755477905,19.580202102661133,11
-0.49675941467285156,1.4209331274032593,19.653018951416016,11
-0.5581642985343933,1.379698634147644,19.547086715698242,11
-0.4421406686306,1.4751580953598022,19.492168426513672,11
-0.4961403012275696,1.4132190942764282,19.500017166137695,11
-0.5950485467910767,1.4061686992645264,19.541967391967773,11
-0.46396782994270325,1.4994980096817017,19.56521224975586,11
-0.4161684513092041,1.4684637784957886,19.601497650146484,11
-0.43908441066741943,1.4874011278152466,19.556968688964844,11
-0.4543105959892273,1.4979772567749023,19.538270950317383,11
-0.39651528000831604,1.5092964172363281,19.55672264099121,11
-0.4340054392814636,1.4701149463653564,19.501188278198242,11
-0.482573539018631,1.3935056924819946,19.43756866455078,11
-0.5265809893608093,1.3902952671051025,19.412195205688477,11
-0.5433114767074585,1.3895738124847412,19.458322525024414,11
-0.49694985151290894,1.4453693628311157,19.495248794555664,11
-0.4703254699707031,1.5109989643096924,19.562828063964844,11
-0.48866942524909973,1.5433626174926758,19.603788375854492,11
-0.52248215675354,1.5121493339538574,19.599512100219727,11
-0.5393989086151123,1.4636926651000977,19.588481903076172,11
-0.4854992628097534,1.4689122438430786,19.513036727905273,11
-0.5457229614257812,1.4045770168304443,19.495946884155273,11
-0.5737197995185852,1.3722985982894897,19.480335235595703,11
-0.5213762521743774,1.4519022703170776,19.606775283813477,11
-0.48059090971946716,1.4583461284637451,19.657529830932617,11
-0.5719645619392395,1.42915940284729,19.554195404052734,11
-0.5255164504051208,1.4539659023284912,19.578327178955078,11
-0.4599786400794983,1.426805019378662,19.660490036010742,11
-0.4364619553089142,1.4406617879867554,19.56549072265625,11
-0.4966418445110321,1.4454933404922485,19.517078399658203,11
-0.5235439538955688,1.3918060064315796,19.583660125732422,11
-0.5617774128913879,1.482273817062378,19.609909057617188,11
-0.5884181261062622,1.5378844738006592,19.568185806274414,11
-0.5428322553634644,1.4560387134552002,19.569719314575195,11
-0.5441712737083435,1.348344087600708,19.523649215698242,11
-0.5447528958320618,1.4052642583847046,19.539995193481445,11
-0.48060616850852966,1.505478024482727,19.653472900390625,11
-0.5217964053153992,1.4707242250442505,19.718271255493164,11
-0.5075768828392029,1.4893896579742432,19.61664581298828,11
-0.4689144790172577,1.490501046180725,19.600845336914062,11
-0.42545220255851746,1.4817602634429932,19.5938663482666,11
-0.4475441873073578,1.5009034872055054,19.568321228027344,11
-0.5425875782966614,1.498969554901123,19.580442428588867,11
-0.5529765486717224,1.471737027168274,19.625579833984375,11
-0.5626474022865295,1.460502028465271,19.717517852783203,11
-0.5454288721084595,1.4836697578430176,19.630556106567383,11
-0.440725177526474,1.5447922945022583,19.54693031311035,11
-0.42694091796875,1.516385793685913,19.596342086791992,11
-0.4640120565891266,1.4272111654281616,19.546005249023438,11
-0.5274753570556641,1.4608081579208374,19.413057327270508,11
-0.5154252648353577,1.4956603050231934,19.391864776611328,11
-0.4263043999671936,1.5288052558898926,19.511089324951172,11
-0.4477328360080719,1.5439012050628662,19.588096618652344,11
-0.5014457106590271,1.5475964546203613,19.598403930664062,11
-0.5265442132949829,1.470363736152649,19.690763473510742,11
-0.5133271217346191,1.4345996379852295,19.61695098876953,11
-0.5015366077423096,1.4511871337890625,19.527545928955078,11
-0.561249315738678,1.4601818323135376,19.614717483520508,11
-0.5067000389099121,1.4759125709533691,19.645414352416992,11
-0.4884815216064453,1.4570932388305664,19.6065616607666,11
-0.5342384576797485,1.4639625549316406,19.63797378540039,11
-0.5239921808242798,1.4907035827636719,19.616140365600586,11
-0.5563523769378662,1.451238751411438,19.559648513793945,11
-0.5300521850585938,1.4998739957809448,19.58108139038086,11
-0.5541703104972839,1.4743919372558594,19.605690002441406,11
-0.5555594563484192,1.4179377555847168,19.680347442626953,11
-0.4697190225124359,1.4439202547073364,19.612401962280273,11
-0.5190840363502502,1.4162875413894653,19.54262351989746,11
-0.5628899335861206,1.4142948389053345,19.51942253112793,11
-0.5115340352058411,1.5276856422424316,19.505475997924805,11
-0.4911954402923584,1.481462001800537,19.585010528564453,11
-0.5191448330879211,1.4473947286605835,19.585691452026367,11
-0.5573246479034424,1.4908660650253296,19.55792236328125,11
-0.5291962623596191,1.5325138568878174,19.559980392456055,11
-0.5085963606834412,1.4300881624221802,19.551918029785156,11
-0.543520987033844,1.3966472148895264,19.578882217407227,11
-0.4823019504547119,1.478315830230713,19.667747497558594,11
-0.4650067090988159,1.4823070764541626,19.62380027770996,11
-0.4933396279811859,1.5191503763198853,19.513669967651367,11
-0.614880383014679,1.5079715251922607,19.44102668762207,11
-0.6476473808288574,1.421482801437378,19.486358642578125,11
-0.5717306733131409,1.424620509147644,19.57588005065918,11
-0.5613724589347839,1.4498203992843628,19.575796127319336,11
-0.4133816659450531,1.436984896659851,19.643037796020508,11
-0.4057096242904663,1.4789711236953735,19.65128517150879,11
-0.44877859950065613,1.5054259300231934,19.589651107788086,11
-0.42148521542549133,1.5266733169555664,19.553720474243164,11
-0.4867353141307831,1.4603869915008545,19.513954162597656,11
-0.5375489592552185,1.4319610595703125,19.526670455932617,11
-0.5554664134979248,1.42539644241333,19.568744659423828,11
-0.5423354506492615,1.4569493532180786,19.55385971069336,11
-0.5569743514060974,1.4772629737854004,19.538040161132812,11
-0.5855333209037781,1.4254302978515625,19.49264144897461,11
-0.5533931851387024,1.422492265701294,19.502460479736328,11
-0.5162731409072876,1.539215087890625,19.540767669677734,11
-0.4957914650440216,1.5877468585968018,19.585769653320312,11
-0.5058721899986267,1.4913901090621948,19.577560424804688,11
-0.5330123901367188,1.4135711193084717,19.533954620361328,11
-0.5398077964782715,1.373274326324463,19.61964988708496,11
-0.5929948687553406,1.4191384315490723,19.6664981842041,11
-0.5642833113670349,1.4822981357574463,19.556949615478516,11
-0.411214679479599,1.5364654064178467,19.603513717651367,11
-0.43597733974456787,1.4819514751434326,19.653425216674805,11
-0.5471999645233154,1.4892985820770264,19.594406127929688,11
-0.6055261492729187,1.4770143032073975,19.571983337402344,11
-0.5991940498352051,1.422971248626709,19.582799911499023,11
-0.5652797818183899,1.4392426013946533,19.682849884033203,11
-0.6000219583511353,1.4069561958312988,19.58525848388672,11
-0.556928813457489,1.4446519613265991,19.536800384521484,11
-0.5823620557785034,1.4199094772338867,19.514122009277344,11
-0.6418362259864807,1.394917607307434,19.511428833007812,11
-0.5391886234283447,1.3838196992874146,19.60962677001953,11
-0.4840950071811676,1.450865626335144,19.65590476989746,11
-0.447297066450119,1.4525070190429688,19.601356506347656,11
-0.4641265869140625,1.400743007659912,19.62751007080078,11
-0.4932723939418793,1.4217251539230347,19.738445281982422,11
-0.49894827604293823,1.4640166759490967,19.637474060058594,11
-0.5105196237564087,1.452996015548706,19.644880294799805,11
-0.48697999119758606,1.4417657852172852,19.610631942749023,11
-0.5127607583999634,1.446078896522522,19.573795318603516,11
-0.5786415338516235,1.3889129161834717,19.557889938354492,11
-0.5674819946289062,1.4030976295471191,19.49892234802246,11
-0.4790615737438202,1.4096810817718506,19.564754486083984,11
-0.449400395154953,1.4117732048034668,19.673870086669922,11
-0.4609465003013611,1.4739185571670532,19.669384002685547,11
-0.5342029333114624,1.5128090381622314,19.63910484313965,11
-0.5863490104675293,1.4647767543792725,19.567934036254883,11
-0.5122451782226562,1.4965217113494873,19.58132553100586,11
-0.45281487703323364,1.4451600313186646,19.56859588623047,11
-0.41474318504333496,1.4498908519744873,19.609560012817383,11
-0.4838705360889435,1.5047935247421265,19.551918029785156,11
-0.5882899761199951,1.4360771179199219,19.5080509185791,11
-0.5802061557769775,1.4334592819213867,19.649982452392578,11
-0.4848954677581787,1.5223082304000854,19.65407371520996,11
-0.5083456635475159,1.483832597732544,19.56951904296875,11
-0.5282573103904724,1.4328428506851196,19.5046329498291,11
-0.48785537481307983,1.4968202114105225,19.52825355529785,11
-0.531495988368988,1.5443147420883179,19.562904357910156,11
-0.5547778606414795,1.5789467096328735,19.579004287719727,11
-0.5332903861999512,1.501436710357666,19.58427619934082,11
-0.4990261197090149,1.432533621788025,19.532695770263672,11
-0.47206801176071167,1.4925355911254883,19.514352798461914,11
-0.5514156222343445,1.4274787902832031,19.559919357299805,11
-0.49162963032722473,1.4078397750854492,19.555057525634766,11
-0.5035696625709534,1.4484959840774536,19.51386070251465,11
-0.5457139611244202,1.3970736265182495,19.52707290649414,11
-0.5485141277313232,1.3830195665359497,19.534351348876953,11
-0.5293784141540527,1.4423387050628662,19.545429229736328,11
-0.523622989654541,1.3886864185333252,19.5848331451416,11
-0.6042605638504028,1.3487013578414917,19.503454208374023,11
-0.5830209255218506,1.3135521411895752,19.49397850036621,11
-0.5285928845405579,1.346359133720398,19.57198143005371,11
-0.49702873826026917,1.4307262897491455,19.614015579223633,11
-0.5553304553031921,1.400984287261963,19.539148330688477,11
-0.591728687286377,1.3610588312149048,19.522008895874023,11
-0.5023826360702515,1.3777812719345093,19.658039093017578,11
-0.453835666179657,1.509586215019226,19.625185012817383,11
-0.5214837789535522,1.4832202196121216,19.582962036132812,11
-0.615937352180481,1.3807013034820557,19.604820251464844,11
-0.5230606198310852,1.4116108417510986,19.55792236328125,11
-0.4930332899093628,1.44057035446167,19.52916717529297,11
-0.524526834487915,1.4563064575195312,19.50327491760254,11
-0.510857343673706,1.4372646808624268,19.552431106567383,11
-0.4972634017467499,1.4643129110336304,19.61820411682129,11
-0.50331711769104,1.514717698097229,19.65228271484375,11
-0.4497413635253906,1.4823473691940308,19.60013771057129,11
-0.458426296710968,1.4077764749526978,19.56182289123535,11
-0.5044081807136536,1.415920376777649,19.585203170776367,11
-0.5088915228843689,1.4644558429718018,19.565584182739258,11
-0.4159777760505676,1.509687066078186,19.604591369628906,11
-0.44599074125289917,1.5239956378936768,19.632863998413086,11
-0.4902143180370331,1.543676733970642,19.627635955810547,11
-0.5486407279968262,1.475325345993042,19.612241744995117,11
-0.5509654879570007,1.4723438024520874,19.657625198364258,11
-0.4930519163608551,1.4852818250656128,19.628576278686523,11
-0.5018888711929321,1.4638428688049316,19.617435455322266,11
-0.48600006103515625,1.5274615287780762,19.593814849853516,11
-0.4732193648815155,1.5319125652313232,19.620746612548828,11
-0.5149593949317932,1.4485357999801636,19.61846351623535,11
-0.5290683507919312,1.411230206489563,19.525339126586914,11
-0.5893437266349792,1.456845998764038,19.51692771911621,11
-0.5309474468231201,1.5246739387512207,19.56976318359375,11
-0.5429428219795227,1.4576181173324585,19.579221725463867,11
-0.5624285340309143,1.4046533107757568,19.66318702697754,11
-0.5141108632087708,1.4871411323547363,19.628095626831055,11
-0.43831032514572144,1.544368028640747,19.663131713867188,11
-0.39233148097991943,1.5235226154327393,19.69202423095703,11
-0.453062504529953,1.4418071508407593,19.588333129882812,11
-0.48368576169013977,1.4404503107070923,19.580196380615234,11
-0.5428669452667236,1.4923945665359497,19.56547737121582,11
-0.460304856300354,1.491502285003662,19.604848861694336,11
-0.39846229553222656,1.4933363199234009,19.571626663208008,11
-0.48735862970352173,1.5226547718048096,19.5400333404541,11
-0.5918336510658264,1.4814785718917847,19.56201171875,11
-0.5843961834907532,1.396450161933899,19.534034729003906,11
-0.5259326696395874,1.3798785209655762,19.587234497070312,11
-0.4986640214920044,1.4301310777664185,19.53160858154297,11
-0.5574180483818054,1.4116568565368652,19.554372787475586,11
-0.5293622016906738,1.4239672422409058,19.552331924438477,11
-0.4890460968017578,1.4331636428833008,19.51190948486328,11
-0.4900997281074524,1.472312569618225,19.512170791625977,11
-0.45175856351852417,1.5213490724563599,19.577186584472656,11
-0.498859167098999,1.5145163536071777,19.608156204223633,11
-0.5577989816665649,1.455674171447754,19.503742218017578,11
-0.5700879096984863,1.457960605621338,19.440950393676758,11
-0.5639975070953369,1.4237769842147827,19.459331512451172,11
-0.5649303197860718,1.4394443035125732,19.5599422454834,11
-0.5534315705299377,1.4417939186096191,19.548830032348633,11
-0.5484848618507385,1.4192053079605103,19.531116485595703,11
-0.5621675252914429,1.409792184829712,19.511743545532227,11
-0.5243018865585327,1.4556262493133545,19.541589736938477,11
-0.4730735719203949,1.5457165241241455,19.595197677612305,11
-0.4738365113735199,1.5727771520614624,19.60896873474121,11
-0.4859454333782196,1.5335386991500854,19.594268798828125,11
-0.4689064919948578,1.5302009582519531,19.532672882080078,11
-0.3947818875312805,1.5006086826324463,19.558805465698242,11
-0.38988709449768066,1.4827667474746704,19.595659255981445,11
-0.4400961399078369,1.5030041933059692,19.603437423706055,11
-0.4651753306388855,1.4583854675292969,19.624744415283203,11
-0.4466901421546936,1.411656141281128,19.688396453857422,11
-0.3857536315917969,1.4679542779922485,19.65871810913086,11
-0.41608840227127075,1.434691309928894,19.527265548706055,11
-0.4685893952846527,1.3739391565322876,19.51685905456543,11
-0.5226455926895142,1.3888404369354248,19.65081024169922,11
-0.5628399848937988,1.4809116125106812,19.622339248657227,11
-0.5216116309165955,1.4993581771850586,19.561927795410156,11
-0.5414009094238281,1.4689325094223022,19.572921752929688,11
-0.49559974670410156,1.447453260421753,19.588085174560547,11
-0.5266574025154114,1.4167883396148682,19.53276252746582,11
-0.5703700184822083,1.4080160856246948,19.526933670043945,11
-0.5670477151870728,1.4582104682922363,19.58971405029297,11
-0.5604450702667236,1.5431761741638184,19.594776153564453,11
-0.5706226825714111,1.496232032775879,19.524789810180664,11
-0.5043721199035645,1.4515186548233032,19.618776321411133,11
-0.5250247716903687,1.3998914957046509,19.556385040283203,11
-0.5098887085914612,1.4528770446777344,19.498857498168945,11
-0.4862805902957916,1.4641462564468384,19.567289352416992,11
-0.51039719581604,1.4103721380233765,19.571046829223633,11
-0.38916611671447754,1.4403126239776611,19.557214736938477,11
-0.4110334813594818,1.4568982124328613,19.5234375,11
-0.4878818392753601,1.4556434154510498,19.545726776123047,11
-0.5053866505622864,1.5097485780715942,19.57672119140625,11
-0.49907639622688293,1.522652268409729,19.557241439819336,11
-0.4825182259082794,1.5030238628387451,19.58568572998047,11
-0.5340510606765747,1.4170944690704346,19.53533935546875,11
-0.5891110301017761,1.4134211540222168,19.49494171142578,11
-0.6059231758117676,1.4061180353164673,19.470474243164062,11
-0.5817161798477173,1.4254494905471802,19.478239059448242,11
-0.5490943789482117,1.4796634912490845,19.645008087158203,11
-0.5065241456031799,1.4397766590118408,19.646961212158203,11
-0.46674492955207825,1.412980318069458,19.5242919921875,11
-0.5163654088973999,1.4054858684539795,19.50065040588379,11
-0.5350098609924316,1.4147638082504272,19.570619583129883,11
-0.5564071536064148,1.4086532592773438,19.624902725219727,11
-0.6033622622489929,1.429128885269165,19.564794540405273,11
-0.5119231343269348,1.4863717555999756,19.56573486328125,11
-0.44166696071624756,1.4956692457199097,19.606754302978516,11
-0.5226247906684875,1.4235459566116333,19.56003189086914,11
-0.4707038998603821,1.4339134693145752,19.564292907714844,11
-0.41614317893981934,1.464447021484375,19.567113876342773,11
-0.46262848377227783,1.4996670484542847,19.515052795410156,11
-0.5419515371322632,1.4718044996261597,19.568695068359375,11
-0.5739425420761108,1.396317481994629,19.648996353149414,11
-0.5197699069976807,1.4181824922561646,19.673294067382812,11
-0.488442063331604,1.4793111085891724,19.668697357177734,11
-0.5214506387710571,1.44718337059021,19.57699966430664,11
-0.5358951687812805,1.4097304344177246,19.61707305908203,11
-0.5522861480712891,1.3940818309783936,19.655933380126953,11
-0.48621153831481934,1.4588119983673096,19.64668846130371,11
-0.49777060747146606,1.5107651948928833,19.608789443969727,11
-0.5639564990997314,1.4748234748840332,19.695085525512695,11
-0.5674084424972534,1.5309441089630127,19.67487907409668,11
-0.47162574529647827,1.4825341701507568,19.620391845703125,11
-0.4432980418205261,1.4277576208114624,19.53338050842285,11
-0.4836775064468384,1.465004324913025,19.545825958251953,11
-0.5291630625724792,1.5214011669158936,19.552080154418945,11
-0.5787596106529236,1.4967297315597534,19.508819580078125,11
-0.5851683020591736,1.431410789489746,19.464141845703125,11
-0.5418468713760376,1.4029223918914795,19.5391845703125,11
-0.5041818022727966,1.4519522190093994,19.513994216918945,11
-0.5059702396392822,1.4757760763168335,19.515853881835938,11
-0.476287841796875,1.4852832555770874,19.6103572845459,11
-0.4614669680595398,1.4572546482086182,19.65288543701172,11
-0.5540327429771423,1.3621293306350708,19.57802963256836,11
-0.5810696482658386,1.4033019542694092,19.51935386657715,11
-0.5294642448425293,1.4641362428665161,19.545045852661133,11
-0.4792206585407257,1.4700993299484253,19.580036163330078,11
-0.5063702464103699,1.4489257335662842,19.547365188598633,11
-0.5840150713920593,1.3956445455551147,19.600618362426758,11
-0.5010951161384583,1.4240299463272095,19.584184646606445,11
-0.47778281569480896,1.4209494590759277,19.49735450744629,11
-0.5200909376144409,1.4011303186416626,19.584245681762695,11
-0.4878213405609131,1.473702073097229,19.657493591308594,11
-0.47347044944763184,1.4592535495758057,19.736982345581055,11
-0.3920309543609619,1.432366967201233,19.679296493530273,11
-0.3796185255050659,1.455744743347168,19.533565521240234,11
-0.48452964425086975,1.4172658920288086,19.508665084838867,11
-0.5391807556152344,1.411952257156372,19.594514846801758,11
-0.5527935028076172,1.373652458190918,19.54222297668457,11
-0.5347662568092346,1.42226243019104,19.528348922729492,11
-0.5027176141738892,1.5023150444030762,19.512540817260742,11
-0.5301644802093506,1.564963698387146,19.52517318725586,11
-0.5476385354995728,1.5449345111846924,19.607473373413086,11
-0.528428316116333,1.5117888450622559,19.64466094970703,11
-0.5188765525817871,1.4720489978790283,19.71596336364746,11
-0.5196396708488464,1.4018510580062866,19.756458282470703,11
-0.5002474784851074,1.4782836437225342,19.63559341430664,11
-0.49475327134132385,1.5337066650390625,19.57403564453125,11
-0.5109987854957581,1.4327361583709717,19.519628524780273,11
-0.5150225162506104,1.357670783996582,19.485002517700195,11
-0.5441341996192932,1.3664910793304443,19.557703018188477,11
-0.5165672898292542,1.4121077060699463,19.632827758789062,11
-0.4989522695541382,1.449936866760254,19.659637451171875,11
-0.5789616107940674,1.4041612148284912,19.6151065826416,11
-0.5794961452484131,1.4630537033081055,19.57778549194336,11
-0.5633628964424133,1.4528803825378418,19.552444458007812,11
-0.5510521531105042,1.4453829526901245,19.52630043029785,11
-0.5600796341896057,1.460545301437378,19.55083656311035,11
-0.6180773973464966,1.4189038276672363,19.646286010742188,11
-0.6166067719459534,1.383091926574707,19.60561180114746,11
-0.5940556526184082,1.4277905225753784,19.577983856201172,11
-0.47502610087394714,1.4594862461090088,19.666963577270508,11
-0.4304565489292145,1.4412156343460083,19.57742691040039,11
-0.47381362318992615,1.4218677282333374,19.51597023010254,11
-0.5379714369773865,1.3968945741653442,19.477128982543945,11
-0.6234090924263,1.3738118410110474,19.487009048461914,11
-0.5924598574638367,1.3869340419769287,19.495088577270508,11
-0.55109703540802,1.4161268472671509,19.64502716064453,11
-0.5746803283691406,1.3702917098999023,19.610397338867188,11
-0.5433289408683777,1.4235427379608154,19.574132919311523,11
-0.5274636149406433,1.4392009973526,19.569149017333984,11
-0.5303818583488464,1.4095807075500488,19.571029663085938,11
-0.5074735283851624,1.3905177116394043,19.630765914916992,11
-0.5469638109207153,1.3544845581054688,19.747135162353516,11
-0.5037552118301392,1.458611249923706,19.711809158325195,11
-0.4814111292362213,1.534786581993103,19.598337173461914,11
-0.5164542198181152,1.5167059898376465,19.583560943603516,11
-0.5202789306640625,1.4624789953231812,19.603309631347656,11
-0.5720913410186768,1.4066953659057617,19.586347579956055,11
-0.56880784034729,1.447028398513794,19.65006446838379,11
-0.5270850658416748,1.460395097732544,19.670541763305664,11
-0.5147280097007751,1.4556814432144165,19.6468563079834,11
-0.5602890253067017,1.503499150276184,19.70446014404297,11
-0.588123619556427,1.475205421447754,19.66058349609375,11
-0.515999436378479,1.3776568174362183,19.59358024597168,11
-0.45521339774131775,1.4357484579086304,19.623104095458984,11
-0.44009682536125183,1.522336483001709,19.605928421020508,11
-0.4446834623813629,1.5184643268585205,19.593286514282227,11
-0.41188186407089233,1.5258864164352417,19.598796844482422,11
-0.4763810634613037,1.535546064376831,19.5692138671875,11
-0.501035213470459,1.4790656566619873,19.560264587402344,11
-0.42707642912864685,1.457018256187439,19.55680274963379,11
-0.45201316475868225,1.4122291803359985,19.527446746826172,11
-0.4872576892375946,1.4081413745880127,19.585493087768555,11
-0.4527694582939148,1.4264930486679077,19.571002960205078,11
-0.4908483922481537,1.450872778892517,19.512170791625977,11
-0.516190767288208,1.4365780353546143,19.49430274963379,11
-0.47759559750556946,1.4348210096359253,19.49871063232422,11
-0.4683299958705902,1.5191770792007446,19.574504852294922,11
-0.48638975620269775,1.5930044651031494,19.624116897583008,11
-0.47385895252227783,1.5128757953643799,19.605125427246094,11
-0.4612159729003906,1.439937710762024,19.567007064819336,11
-0.4271146357059479,1.3985499143600464,19.58722496032715,11
-0.39408448338508606,1.3603767156600952,19.543949127197266,11
-0.4896237254142761,1.3789660930633545,19.52802848815918,11
-0.4951496124267578,1.4911128282546997,19.57843017578125,11
-0.49830520153045654,1.4842756986618042,19.605348587036133,11
-0.4883803427219391,1.4860332012176514,19.574684143066406,11
-0.5353338122367859,1.422734260559082,19.534425735473633,11
-0.5178390741348267,1.4063361883163452,19.55477523803711,11
-0.4408120810985565,1.4819139242172241,19.680940628051758,11
-0.49025779962539673,1.4842849969863892,19.67140007019043,11
-0.47586676478385925,1.4332122802734375,19.599842071533203,11
-0.4771016836166382,1.4200254678726196,19.634456634521484,11
-0.516689658164978,1.4055217504501343,19.652881622314453,11
-0.6262555122375488,1.420549750328064,19.629302978515625,11
-0.6062835454940796,1.4384260177612305,19.674850463867188,11
-0.5010485053062439,1.4724416732788086,19.593420028686523,11
-0.5819807648658752,1.4051942825317383,19.511009216308594,11
-0.6124038696289062,1.3969645500183105,19.507291793823242,11
-0.46547386050224304,1.4623663425445557,19.461856842041016,11
-0.47017210721969604,1.5133748054504395,19.4456787109375,11
-0.5046476125717163,1.477218508720398,19.521772384643555,11
-0.5242345333099365,1.4967924356460571,19.605937957763672,11
-0.5501908659934998,1.4558659791946411,19.578392028808594,11
-0.43844032287597656,1.4665136337280273,19.57363510131836,11
-0.4770859479904175,1.4890767335891724,19.62076187133789,11
-0.5066552758216858,1.5063841342926025,19.621593475341797,11
-0.4941011667251587,1.5039135217666626,19.62135124206543,11
-0.4987870156764984,1.4422764778137207,19.615163803100586,11
-0.520750105381012,1.4327058792114258,19.616939544677734,11
-0.4640219807624817,1.458861231803894,19.640003204345703,11
-0.4940914809703827,1.3895704746246338,19.5921688079834,11
-0.5093821883201599,1.3996037244796753,19.557350158691406,11
-0.4801383912563324,1.4677821397781372,19.569429397583008,11
-0.47494232654571533,1.4859411716461182,19.618139266967773,11
-0.5553039312362671,1.437288761138916,19.567100524902344,11
-0.535472571849823,1.4515091180801392,19.558353424072266,11
-0.4883831739425659,1.4454232454299927,19.481914520263672,11
-0.5489567518234253,1.3959916830062866,19.441669464111328,11
-0.6216585040092468,1.3791024684906006,19.438451766967773,11
-0.6532612442970276,1.406848430633545,19.438278198242188,11
-0.59344482421875,1.428931713104248,19.515350341796875,11
-0.5655407905578613,1.4018934965133667,19.582618713378906,11
-0.5845814347267151,1.4023324251174927,19.63284683227539,11
-0.5565213561058044,1.3573321104049683,19.544103622436523,11
-0.5060392022132874,1.366865634918213,19.51872444152832,11
-0.6118344068527222,1.3799253702163696,19.486635208129883,11
-0.5882236957550049,1.4556547403335571,19.532014846801758,11
-0.5842350721359253,1.4908488988876343,19.572330474853516,11
-0.47716224193573,1.5253310203552246,19.613222122192383,11
-0.46207350492477417,1.5230940580368042,19.586469650268555,11
-0.4920577108860016,1.5024049282073975,19.58237075805664,11
-0.5458715558052063,1.4492347240447998,19.54806137084961,11
-0.5188685655593872,1.4297176599502563,19.578500747680664,11
-0.47898370027542114,1.4277938604354858,19.5567626953125,11
-0.5548115372657776,1.4064373970031738,19.476938247680664,11
-0.5622369647026062,1.420514702796936,19.47852897644043,11
-0.5037307143211365,1.460536241531372,19.542667388916016,11
-0.4365536570549011,1.4608025550842285,19.58890724182129,11
-0.43136894702911377,1.4131220579147339,19.602750778198242,11
-0.5160995721817017,1.4084585905075073,19.596393585205078,11
-0.49229803681373596,1.4322820901870728,19.592544555664062,11
-0.5182154774665833,1.4377946853637695,19.555805206298828,11
-0.5519959926605225,1.445113182067871,19.56324005126953,11
-0.47049400210380554,1.4250915050506592,19.55629539489746,11
-0.4026332199573517,1.4947856664657593,19.597320556640625,11
-0.5134835243225098,1.499143123626709,19.55138397216797,11
-0.4546751379966736,1.481706142425537,19.561771392822266,11
-0.4336625039577484,1.4600633382797241,19.53960609436035,11
-0.4891345202922821,1.5231705904006958,19.508760452270508,11
-0.5658470988273621,1.5053805112838745,19.53643035888672,11
-0.5225756764411926,1.3976471424102783,19.610763549804688,11
-0.5035138726234436,1.3666410446166992,19.604782104492188,11
-0.47119903564453125,1.4721901416778564,19.62737274169922,11
-0.5272042155265808,1.4580224752426147,19.706899642944336,11
-0.5607000589370728,1.3944717645645142,19.63477897644043,11
-0.5193666219711304,1.4176405668258667,19.61058807373047,11
-0.512442946434021,1.4637526273727417,19.563190460205078,11
-0.5094054937362671,1.4908767938613892,19.534385681152344,11
-0.5102059245109558,1.5051919221878052,19.50786018371582,11
-0.5738595724105835,1.4702335596084595,19.512311935424805,11
-0.5610970258712769,1.469677448272705,19.524364471435547,11
-0.5487818717956543,1.4903192520141602,19.505008697509766,11
-0.5429981350898743,1.4708629846572876,19.575363159179688,11
-0.5673531889915466,1.3902543783187866,19.639698028564453,11
-0.5574235320091248,1.4015629291534424,19.626436233520508,11
-0.4962678551673889,1.4622397422790527,19.57505989074707,11
-0.45038941502571106,1.4484366178512573,19.57594108581543,11
-0.4467952847480774,1.4354808330535889,19.659709930419922,11
-0.47140228748321533,1.41292142868042,19.65850830078125,11
-0.48773208260536194,1.478054165840149,19.570491790771484,11
-0.48301398754119873,1.502289891242981,19.546241760253906,11
-0.5125641822814941,1.4288032054901123,19.55708122253418,11
-0.5351741313934326,1.4408296346664429,19.562925338745117,11
-0.5763832330703735,1.4489883184432983,19.584917068481445,11
-0.5760087370872498,1.3744653463363647,19.531648635864258,11
-0.5097890496253967,1.4396183490753174,19.520854949951172,11
-0.5333058834075928,1.4950233697891235,19.5518741607666,11
-0.5028904676437378,1.4271670579910278,19.574670791625977,11
-0.43118560314178467,1.420838475227356,19.575746536254883,11
-0.4517795443534851,1.386339545249939,19.531658172607422,11
-0.5363014936447144,1.3829717636108398,19.532310485839844,11
-0.49762213230133057,1.418082594871521,19.63123893737793,11
-0.47009384632110596,1.4489132165908813,19.624351501464844,11
-0.5649325847625732,1.411708950996399,19.713062286376953,11
-0.4883261024951935,1.404524564743042,19.739221572875977,11
-0.4346834421157837,1.4174933433532715,19.622453689575195,11
-0.4311376214027405,1.4816426038742065,19.6463565826416,11
-0.47568443417549133,1.505790114402771,19.65970802307129,11
-0.5490142703056335,1.4416606426239014,19.594879150390625,11
-0.6178810000419617,1.3745203018188477,19.450244903564453,11
-0.540466845035553,1.4856926202774048,19.466806411743164,11
-0.4648481607437134,1.4868320226669312,19.57243537902832,11
-0.47266608476638794,1.415858507156372,19.553205490112305,11
-0.45714646577835083,1.4398845434188843,19.57811164855957,11
-0.431947261095047,1.4809613227844238,19.632482528686523,11
-0.4802713096141815,1.4380511045455933,19.553630828857422,11
-0.5126365423202515,1.3849139213562012,19.54140281677246,11
-0.5025477409362793,1.4729763269424438,19.58612632751465,11
-0.45822808146476746,1.546971321105957,19.61309814453125,11
-0.49235808849334717,1.491480827331543,19.556991577148438,11
-0.5370838642120361,1.4181196689605713,19.483722686767578,11
-0.5810182094573975,1.4873331785202026,19.51392936706543,11
-0.5508488416671753,1.4760948419570923,19.583477020263672,11
-0.539695143699646,1.4401214122772217,19.567049026489258,11
-0.5028843879699707,1.468971848487854,19.539955139160156,11
-0.5073471069335938,1.4725651741027832,19.61644172668457,11
-0.479063481092453,1.4731541872024536,19.66069984436035,11
-0.44736382365226746,1.4558312892913818,19.603870391845703,11
-0.37570953369140625,1.5006515979766846,19.60108757019043,11
-0.45977553725242615,1.541364312171936,19.59705352783203,11
-0.5542295575141907,1.4668786525726318,19.584440231323242,11
-0.5777917504310608,1.356787919998169,19.6931095123291,11
-0.5705381631851196,1.457412838935852,19.632341384887695,11
-0.581882655620575,1.507766842842102,19.54249382019043,11
-0.573793351650238,1.4523433446884155,19.471269607543945,11
-0.5182528495788574,1.4572731256484985,19.492551803588867,11
-0.49042466282844543,1.4703757762908936,19.55617332458496,11
-0.5195249915122986,1.4648106098175049,19.637470245361328,11
-0.47055336833000183,1.503259301185608,19.62739372253418,11
-0.451363205909729,1.4179226160049438,19.540424346923828,11
-0.4808681607246399,1.4412155151367188,19.531604766845703,11
